key,sender,senderID,senderPlace,senderPlaceID,senderDate,addressee,addresseeID,addresseePlace,addresseePlaceID,addresseeDate,note,edition,page,source,sourceID,provenance,extent
1,Johann Elias Bach,116216026,,,1738-04?,Johann Georg Hotz,122107020,Schweinfurt,http://www.geonames.org/2834498,,,"Odrich, Evelin und Peter Wollny, Hrsg., 2005. Die Briefentwürfe des Johann Elias Bach. 2., erw. Auflage. Hildesheim, Olms. Leipziger Beiträge zur Bach-Forschung. 3. ISBN 3-487-12820-9",83-84,D-LEb,,,51-53
2,Johann Elias Bach,116216026,,,1738-04?,Kilian Elias Metzger,115612297,Schweinfurt,http://www.geonames.org/2834498,,,"Odrich, Evelin und Peter Wollny, Hrsg., 2005. Die Briefentwürfe des Johann Elias Bach. 2., erw. Auflage. Hildesheim, Olms. Leipziger Beiträge zur Bach-Forschung. 3. ISBN 3-487-12820-9",84-86,D-LEb,,,53-55/57
3,Johann Elias Bach,116216026,,,1738-04?,Johann Englert,1014023939,Schweinfurt,http://www.geonames.org/2834498,,,"Odrich, Evelin und Peter Wollny, Hrsg., 2005. Die Briefentwürfe des Johann Elias Bach. 2., erw. Auflage. Hildesheim, Olms. Leipziger Beiträge zur Bach-Forschung. 3. ISBN 3-487-12820-9",86-87,D-LEb,,,59-60
4,Johann Elias Bach,116216026,,,1738-04?,Friedrich Adam Segnitz,120257726,Schweinfurt,http://www.geonames.org/2834498,,,"Odrich, Evelin und Peter Wollny, Hrsg., 2005. Die Briefentwürfe des Johann Elias Bach. 2., erw. Auflage. Hildesheim, Olms. Leipziger Beiträge zur Bach-Forschung. 3. ISBN 3-487-12820-9",87,D-LEb,,,60-61
5,Johann Elias Bach,116216026,,,1738-04-29,Johann Philipp Raßdörffer,133601145,Schweinfurt,http://www.geonames.org/2834498,,,"Odrich, Evelin und Peter Wollny, Hrsg., 2005. Die Briefentwürfe des Johann Elias Bach. 2., erw. Auflage. Hildesheim, Olms. Leipziger Beiträge zur Bach-Forschung. 3. ISBN 3-487-12820-9",88-89,D-LEb,,,63-65
6,Johann Elias Bach,116216026,,,1738-04-29,Friedrich Adam Segnitz,120257726,Schweinfurt,http://www.geonames.org/2834498,,,"Odrich, Evelin und Peter Wollny, Hrsg., 2005. Die Briefentwürfe des Johann Elias Bach. 2., erw. Auflage. Hildesheim, Olms. Leipziger Beiträge zur Bach-Forschung. 3. ISBN 3-487-12820-9",89-90,D-LEb,,,65-67
7,Johann Elias Bach,116216026,,,1738-04?,Anna Margaretha Bach,,Schweinfurt,http://www.geonames.org/2834498,,,"Odrich, Evelin und Peter Wollny, Hrsg., 2005. Die Briefentwürfe des Johann Elias Bach. 2., erw. Auflage. Hildesheim, Olms. Leipziger Beiträge zur Bach-Forschung. 3. ISBN 3-487-12820-9",91-92,D-LEb,,,68-70
8,Johann Elias Bach,116216026,,,1738-08-01,Johann Heinrich von Meyern,136779751,Schweinfurt,http://www.geonames.org/2834498,,,"Odrich, Evelin und Peter Wollny, Hrsg., 2005. Die Briefentwürfe des Johann Elias Bach. 2., erw. Auflage. Hildesheim, Olms. Leipziger Beiträge zur Bach-Forschung. 3. ISBN 3-487-12820-9",93,D-LEb,,,72
9,Johann Elias Bach,116216026,,,1738-10-06,Anna Sibylla Bach; Catharina Margaretha Bach,,Schweinfurt,http://www.geonames.org/2834498,,,"Odrich, Evelin und Peter Wollny, Hrsg., 2005. Die Briefentwürfe des Johann Elias Bach. 2., erw. Auflage. Hildesheim, Olms. Leipziger Beiträge zur Bach-Forschung. 3. ISBN 3-487-12820-9",94-95,D-LEb,,,13-14
10,Johann Elias Bach,116216026,,,1738-10-06,Johann Philipp Raßdörffer,133601145,Schweinfurt,http://www.geonames.org/2834498,,,"Odrich, Evelin und Peter Wollny, Hrsg., 2005. Die Briefentwürfe des Johann Elias Bach. 2., erw. Auflage. Hildesheim, Olms. Leipziger Beiträge zur Bach-Forschung. 3. ISBN 3-487-12820-9",95,D-LEb,,,16
11,Johann Elias Bach,116216026,,,1738-10-06,Friedrich Adam Segnitz,120257726,Schweinfurt,http://www.geonames.org/2834498,,,"Odrich, Evelin und Peter Wollny, Hrsg., 2005. Die Briefentwürfe des Johann Elias Bach. 2., erw. Auflage. Hildesheim, Olms. Leipziger Beiträge zur Bach-Forschung. 3. ISBN 3-487-12820-9",96,D-LEb,,,17-18
12,Johann Elias Bach,116216026,,,1738-11-21,Anna Sibylla Bach; Catharina Margaretha Bach,,Schweinfurt,http://www.geonames.org/2834498,,,"Odrich, Evelin und Peter Wollny, Hrsg., 2005. Die Briefentwürfe des Johann Elias Bach. 2., erw. Auflage. Hildesheim, Olms. Leipziger Beiträge zur Bach-Forschung. 3. ISBN 3-487-12820-9",97-98,D-LEb,,,23-24
13,Johann Elias Bach,116216026,,,1739-01-10,Johann Wilhelm Koch,13390637X,Ronneburg,http://www.geonames.org/2845229,,,"Odrich, Evelin und Peter Wollny, Hrsg., 2005. Die Briefentwürfe des Johann Elias Bach. 2., erw. Auflage. Hildesheim, Olms. Leipziger Beiträge zur Bach-Forschung. 3. ISBN 3-487-12820-9",99-100,D-LEb,,,28-29
14,Johann Elias Bach,116216026,,,1739-01-24,Johann Wilhelm Koch,13390637X,Ronneburg,http://www.geonames.org/2845229,,,"Odrich, Evelin und Peter Wollny, Hrsg., 2005. Die Briefentwürfe des Johann Elias Bach. 2., erw. Auflage. Hildesheim, Olms. Leipziger Beiträge zur Bach-Forschung. 3. ISBN 3-487-12820-9",100-101,D-LEb,,,30
15,Johann Elias Bach,116216026,,,1739-02-12,Sabina Magdalena Hacker,,Schweinfurt,http://www.geonames.org/2834498,,,"Odrich, Evelin und Peter Wollny, Hrsg., 2005. Die Briefentwürfe des Johann Elias Bach. 2., erw. Auflage. Hildesheim, Olms. Leipziger Beiträge zur Bach-Forschung. 3. ISBN 3-487-12820-9",101-102,D-LEb,,,33-34
16,Johann Elias Bach,116216026,,,1739-03-03,Friedrich Benedict Pfenning,1052866573,Jena,http://www.geonames.org/2895044,,,"Odrich, Evelin und Peter Wollny, Hrsg., 2005. Die Briefentwürfe des Johann Elias Bach. 2., erw. Auflage. Hildesheim, Olms. Leipziger Beiträge zur Bach-Forschung. 3. ISBN 3-487-12820-9",102-103,D-LEb,,,34-35
17,Johann Elias Bach,116216026,,,1739-03-03,Jacob Samuel Schröer,121201082,Wildenhain,http://www.geonames.org/2808946,,,"Odrich, Evelin und Peter Wollny, Hrsg., 2005. Die Briefentwürfe des Johann Elias Bach. 2., erw. Auflage. Hildesheim, Olms. Leipziger Beiträge zur Bach-Forschung. 3. ISBN 3-487-12820-9",104,D-LEb,,,36
18,Johann Elias Bach,116216026,,,1739-03-07,Johann Wilhelm Koch,13390637X,Ronneburg,http://www.geonames.org/2845229,,,"Odrich, Evelin und Peter Wollny, Hrsg., 2005. Die Briefentwürfe des Johann Elias Bach. 2., erw. Auflage. Hildesheim, Olms. Leipziger Beiträge zur Bach-Forschung. 3. ISBN 3-487-12820-9",104-105,D-LEb,,,37
19,Johann Elias Bach,116216026,,,1739-03-14,Johann Englert,1014023939,Schweinfurt,http://www.geonames.org/2834498,,,"Odrich, Evelin und Peter Wollny, Hrsg., 2005. Die Briefentwürfe des Johann Elias Bach. 2., erw. Auflage. Hildesheim, Olms. Leipziger Beiträge zur Bach-Forschung. 3. ISBN 3-487-12820-9",105-106,D-LEb,,,38-39
20,Johann Elias Bach,116216026,,,1739-03-14,Marie Eleonore Höflich,,Schweinfurt,http://www.geonames.org/2834498,,,"Odrich, Evelin und Peter Wollny, Hrsg., 2005. Die Briefentwürfe des Johann Elias Bach. 2., erw. Auflage. Hildesheim, Olms. Leipziger Beiträge zur Bach-Forschung. 3. ISBN 3-487-12820-9",107,D-LEb,,,39-40
21,Johann Elias Bach,116216026,,,1739-03-14,Sabina Magdalena Hacker,,Schweinfurt,http://www.geonames.org/2834498,,,"Odrich, Evelin und Peter Wollny, Hrsg., 2005. Die Briefentwürfe des Johann Elias Bach. 2., erw. Auflage. Hildesheim, Olms. Leipziger Beiträge zur Bach-Forschung. 3. ISBN 3-487-12820-9",107-108,D-LEb,,,40
22,Johann Elias Bach,116216026,,,1739-03-21,Jacob Samuel Schröer,121201082,Wildenhain,http://www.geonames.org/2808946,,,"Odrich, Evelin und Peter Wollny, Hrsg., 2005. Die Briefentwürfe des Johann Elias Bach. 2., erw. Auflage. Hildesheim, Olms. Leipziger Beiträge zur Bach-Forschung. 3. ISBN 3-487-12820-9",108,D-LEb,,,40-41
23,Johann Elias Bach,116216026,,,1739-04-21,Anna Sibylla Bach; Catharina Margaretha Bach,,Schweinfurt,http://www.geonames.org/2834498,,,"Odrich, Evelin und Peter Wollny, Hrsg., 2005. Die Briefentwürfe des Johann Elias Bach. 2., erw. Auflage. Hildesheim, Olms. Leipziger Beiträge zur Bach-Forschung. 3. ISBN 3-487-12820-9",108-109,D-LEb,,,44
24,Johann Elias Bach,116216026,,,1739-04-21,Wolfgang Christoph Limpach,1147411379,Schweinfurt,http://www.geonames.org/2834498,,,"Odrich, Evelin und Peter Wollny, Hrsg., 2005. Die Briefentwürfe des Johann Elias Bach. 2., erw. Auflage. Hildesheim, Olms. Leipziger Beiträge zur Bach-Forschung. 3. ISBN 3-487-12820-9",109-110,D-LEb,,,46-47
25,Johann Elias Bach,116216026,,,1739-04-21,Friedrich Adam Segnitz,120257726,Schweinfurt,http://www.geonames.org/2834498,,,"Odrich, Evelin und Peter Wollny, Hrsg., 2005. Die Briefentwürfe des Johann Elias Bach. 2., erw. Auflage. Hildesheim, Olms. Leipziger Beiträge zur Bach-Forschung. 3. ISBN 3-487-12820-9",111,D-LEb,,,47
26,Johann Elias Bach,116216026,,,1739-04-21,Sabina Magdalena Hacker,,Schweinfurt,http://www.geonames.org/2834498,,,"Odrich, Evelin und Peter Wollny, Hrsg., 2005. Die Briefentwürfe des Johann Elias Bach. 2., erw. Auflage. Hildesheim, Olms. Leipziger Beiträge zur Bach-Forschung. 3. ISBN 3-487-12820-9",111-112,D-LEb,,,48
27,Johann Elias Bach,116216026,,,1739-05-01,Jacob Samuel Schröer,121201082,Wildenhain,http://www.geonames.org/2808946,,,"Odrich, Evelin und Peter Wollny, Hrsg., 2005. Die Briefentwürfe des Johann Elias Bach. 2., erw. Auflage. Hildesheim, Olms. Leipziger Beiträge zur Bach-Forschung. 3. ISBN 3-487-12820-9",112-113,D-LEb,,,48-49
28,Johann Elias Bach,116216026,,,1739-06-01,Wolfgang Christoph Limpach,1147411379,Schweinfurt,http://www.geonames.org/2834498,,,"Odrich, Evelin und Peter Wollny, Hrsg., 2005. Die Briefentwürfe des Johann Elias Bach. 2., erw. Auflage. Hildesheim, Olms. Leipziger Beiträge zur Bach-Forschung. 3. ISBN 3-487-12820-9",113-114,D-LEb,,,49-50
29,Johann Elias Bach,116216026,,,1739-06-26,Sabina Magdalena Hacker,,Schweinfurt,http://www.geonames.org/2834498,,,"Odrich, Evelin und Peter Wollny, Hrsg., 2005. Die Briefentwürfe des Johann Elias Bach. 2., erw. Auflage. Hildesheim, Olms. Leipziger Beiträge zur Bach-Forschung. 3. ISBN 3-487-12820-9",114-115,D-LEb,,,265-267
30,Johann Elias Bach,116216026,,,1739-08-01,Jacob Samuel Schröer,121201082,Wildenhain,http://www.geonames.org/2808946,,,"Odrich, Evelin und Peter Wollny, Hrsg., 2005. Die Briefentwürfe des Johann Elias Bach. 2., erw. Auflage. Hildesheim, Olms. Leipziger Beiträge zur Bach-Forschung. 3. ISBN 3-487-12820-9",115-116,D-LEb,,,268
31,Johann Elias Bach,116216026,,,1739-08-11,Johann Wilhelm Koch,13390637X,Ronneburg,http://www.geonames.org/2845229,,,"Odrich, Evelin und Peter Wollny, Hrsg., 2005. Die Briefentwürfe des Johann Elias Bach. 2., erw. Auflage. Hildesheim, Olms. Leipziger Beiträge zur Bach-Forschung. 3. ISBN 3-487-12820-9",1156-117,D-LEb,,,269-270
32,Johann Elias Bach,116216026,,,1739-09-11,Sabina Magdalena Hacker,,Schweinfurt,http://www.geonames.org/2834498,,,"Odrich, Evelin und Peter Wollny, Hrsg., 2005. Die Briefentwürfe des Johann Elias Bach. 2., erw. Auflage. Hildesheim, Olms. Leipziger Beiträge zur Bach-Forschung. 3. ISBN 3-487-12820-9",117-118,D-LEb,,,272-273
33,Johann Elias Bach,116216026,,,1739-09-28,Johann Wilhelm Koch,13390637X,Ronneburg,http://www.geonames.org/2845229,,,"Odrich, Evelin und Peter Wollny, Hrsg., 2005. Die Briefentwürfe des Johann Elias Bach. 2., erw. Auflage. Hildesheim, Olms. Leipziger Beiträge zur Bach-Forschung. 3. ISBN 3-487-12820-9",118-119,D-LEb,,,274-275
34,Johann Elias Bach,116216026,,,1739-10-05,Sabina Magdalena Hacker,,Schweinfurt,http://www.geonames.org/2834498,,,"Odrich, Evelin und Peter Wollny, Hrsg., 2005. Die Briefentwürfe des Johann Elias Bach. 2., erw. Auflage. Hildesheim, Olms. Leipziger Beiträge zur Bach-Forschung. 3. ISBN 3-487-12820-9",119-120,D-LEb,,,281-282
35,Johann Elias Bach,116216026,,,1739-10-06,Friedrich Adam Segnitz,120257726,Schweinfurt,http://www.geonames.org/2834498,,,"Odrich, Evelin und Peter Wollny, Hrsg., 2005. Die Briefentwürfe des Johann Elias Bach. 2., erw. Auflage. Hildesheim, Olms. Leipziger Beiträge zur Bach-Forschung. 3. ISBN 3-487-12820-9",120-121,D-LEb,,,277-280
36,Johann Elias Bach,116216026,,,1739-10-06,Anna Sibylla Bach; Catharina Margaretha Bach,,Schweinfurt,http://www.geonames.org/2834498,,,"Odrich, Evelin und Peter Wollny, Hrsg., 2005. Die Briefentwürfe des Johann Elias Bach. 2., erw. Auflage. Hildesheim, Olms. Leipziger Beiträge zur Bach-Forschung. 3. ISBN 3-487-12820-9",122-123,D-LEb,,,279-280
37,Johann Elias Bach,116216026,,,1739-10-06,Johann Andreas Schüßler,,Schweinfurt,http://www.geonames.org/2834498,,,"Odrich, Evelin und Peter Wollny, Hrsg., 2005. Die Briefentwürfe des Johann Elias Bach. 2., erw. Auflage. Hildesheim, Olms. Leipziger Beiträge zur Bach-Forschung. 3. ISBN 3-487-12820-9",123-124,D-LEb,,,283-284
38,Johann Elias Bach,116216026,,,1739-11-02,Wolfgang Christoph Limpach,1147411379,Schweinfurt,http://www.geonames.org/2834498,,,"Odrich, Evelin und Peter Wollny, Hrsg., 2005. Die Briefentwürfe des Johann Elias Bach. 2., erw. Auflage. Hildesheim, Olms. Leipziger Beiträge zur Bach-Forschung. 3. ISBN 3-487-12820-9",125-126,D-LEb,,,286-287
39,Johann Elias Bach,116216026,,,1739-11-06,Johann Leberecht Schneider,,Weißenfels,http://www.geonames.org/2811899,,,"Odrich, Evelin und Peter Wollny, Hrsg., 2005. Die Briefentwürfe des Johann Elias Bach. 2., erw. Auflage. Hildesheim, Olms. Leipziger Beiträge zur Bach-Forschung. 3. ISBN 3-487-12820-9",126-127,D-LEb,,,288-289
40,Johann Elias Bach,116216026,,,1739-11-07,Johann Leberecht Schneider,,Weißenfels,http://www.geonames.org/2811899,,,"Odrich, Evelin und Peter Wollny, Hrsg., 2005. Die Briefentwürfe des Johann Elias Bach. 2., erw. Auflage. Hildesheim, Olms. Leipziger Beiträge zur Bach-Forschung. 3. ISBN 3-487-12820-9",127-128,D-LEb,,,289-291
41,Johann Elias Bach,116216026,,,1739-11-14,Johann Leberecht Schneider,,Weißenfels,http://www.geonames.org/2811899,,,"Odrich, Evelin und Peter Wollny, Hrsg., 2005. Die Briefentwürfe des Johann Elias Bach. 2., erw. Auflage. Hildesheim, Olms. Leipziger Beiträge zur Bach-Forschung. 3. ISBN 3-487-12820-9",128-129,D-LEb,,,291
42,Johann Elias Bach,116216026,,,1739-12-26,Johann Stängel,104223596,Roßleben,http://www.geonames.org/2844651,,,"Odrich, Evelin und Peter Wollny, Hrsg., 2005. Die Briefentwürfe des Johann Elias Bach. 2., erw. Auflage. Hildesheim, Olms. Leipziger Beiträge zur Bach-Forschung. 3. ISBN 3-487-12820-9",129-131,D-LEb,,,250-253
43,Johann Elias Bach,116216026,,,1740-01-03,Jacob Samuel Schröer,121201082,Wildenhain,http://www.geonames.org/2808946,,,"Odrich, Evelin und Peter Wollny, Hrsg., 2005. Die Briefentwürfe des Johann Elias Bach. 2., erw. Auflage. Hildesheim, Olms. Leipziger Beiträge zur Bach-Forschung. 3. ISBN 3-487-12820-9",132-133,D-LEb,,,253-254/231
44,Johann Elias Bach,116216026,,,1740-01-09,Johann Gottfried Schmiedel,1073293076,Freiberg,http://www.geonames.org/2925192,,,"Odrich, Evelin und Peter Wollny, Hrsg., 2005. Die Briefentwürfe des Johann Elias Bach. 2., erw. Auflage. Hildesheim, Olms. Leipziger Beiträge zur Bach-Forschung. 3. ISBN 3-487-12820-9",133-134,D-LEb,,,292-293
45,Johann Elias Bach,116216026,,,1740-05-09,Anna Sibylla Bach; Catharina Margaretha Bach,,Schweinfurt,http://www.geonames.org/2834498,,,"Odrich, Evelin und Peter Wollny, Hrsg., 2005. Die Briefentwürfe des Johann Elias Bach. 2., erw. Auflage. Hildesheim, Olms. Leipziger Beiträge zur Bach-Forschung. 3. ISBN 3-487-12820-9",134-135,D-LEb,,,295
46,Johann Elias Bach,116216026,,,1740-05-09,Sabina Magdalena Hacker,,Schweinfurt,http://www.geonames.org/2834498,,,"Odrich, Evelin und Peter Wollny, Hrsg., 2005. Die Briefentwürfe des Johann Elias Bach. 2., erw. Auflage. Hildesheim, Olms. Leipziger Beiträge zur Bach-Forschung. 3. ISBN 3-487-12820-9",135-137,D-LEb,,,296-297
47,Johann Elias Bach,116216026,,,1740-05-09,Johann Elias Kirch,1049922433,Schweinfurt,http://www.geonames.org/2834498,,,"Odrich, Evelin und Peter Wollny, Hrsg., 2005. Die Briefentwürfe des Johann Elias Bach. 2., erw. Auflage. Hildesheim, Olms. Leipziger Beiträge zur Bach-Forschung. 3. ISBN 3-487-12820-9",137-138,D-LEb,,,298-299
48,Johann Elias Bach,116216026,,,1740-05-18,Georg Matthias Bose,117621757,Wittenberg,http://www.geonames.org/6548975,,,"Odrich, Evelin und Peter Wollny, Hrsg., 2005. Die Briefentwürfe des Johann Elias Bach. 2., erw. Auflage. Hildesheim, Olms. Leipziger Beiträge zur Bach-Forschung. 3. ISBN 3-487-12820-9",138-139,D-LEb,,,303
49,Johann Elias Bach,116216026,,,1740-05-31,Johann Wilhelm Koch,13390637X,Ronneburg,http://www.geonames.org/2845229,,,"Odrich, Evelin und Peter Wollny, Hrsg., 2005. Die Briefentwürfe des Johann Elias Bach. 2., erw. Auflage. Hildesheim, Olms. Leipziger Beiträge zur Bach-Forschung. 3. ISBN 3-487-12820-9",139-140,D-LEb,,,304-305
50,Johann Elias Bach,116216026,,,1740-06-?14,Johann Georg Hille,133817571,Glaucha,http://www.geonames.org/2920020,,,"Odrich, Evelin und Peter Wollny, Hrsg., 2005. Die Briefentwürfe des Johann Elias Bach. 2., erw. Auflage. Hildesheim, Olms. Leipziger Beiträge zur Bach-Forschung. 3. ISBN 3-487-12820-9",140,D-LEb,,,305-306
51,Johann Elias Bach,116216026,,,1740-06-14,Simon Friedrich von Meyern,,Halle,http://www.geonames.org/2911522,,,"Odrich, Evelin und Peter Wollny, Hrsg., 2005. Die Briefentwürfe des Johann Elias Bach. 2., erw. Auflage. Hildesheim, Olms. Leipziger Beiträge zur Bach-Forschung. 3. ISBN 3-487-12820-9",141,D-LEb,,,306
52,Johann Elias Bach,116216026,,,1740-08-23,Friedrich Adam Segnitz,120257726,Schweinfurt,http://www.geonames.org/2834498,,,"Odrich, Evelin und Peter Wollny, Hrsg., 2005. Die Briefentwürfe des Johann Elias Bach. 2., erw. Auflage. Hildesheim, Olms. Leipziger Beiträge zur Bach-Forschung. 3. ISBN 3-487-12820-9",141-142,D-LEb,,,306-307
53,Johann Elias Bach,116216026,,,1740-08-23,Anna Margaretha Bach,,Schweinfurt,http://www.geonames.org/2834498,,,"Odrich, Evelin und Peter Wollny, Hrsg., 2005. Die Briefentwürfe des Johann Elias Bach. 2., erw. Auflage. Hildesheim, Olms. Leipziger Beiträge zur Bach-Forschung. 3. ISBN 3-487-12820-9",142-143,D-LEb,,,308-309
54,Johann Elias Bach,116216026,,,1740-09-02,Simon Friedrich von Meyern,,Halle,http://www.geonames.org/2911522,,,"Odrich, Evelin und Peter Wollny, Hrsg., 2005. Die Briefentwürfe des Johann Elias Bach. 2., erw. Auflage. Hildesheim, Olms. Leipziger Beiträge zur Bach-Forschung. 3. ISBN 3-487-12820-9",143-144,D-LEb,,,310
55,Johann Elias Bach,116216026,,,1740-09,Sabina Magdalena Hacker,,Schweinfurt,http://www.geonames.org/2834498,,,"Odrich, Evelin und Peter Wollny, Hrsg., 2005. Die Briefentwürfe des Johann Elias Bach. 2., erw. Auflage. Hildesheim, Olms. Leipziger Beiträge zur Bach-Forschung. 3. ISBN 3-487-12820-9",144-145,D-LEb,,,311-312
56,Johann Elias Bach,116216026,,,1740-10-04,Johann Andreas Schüßler,,Schweinfurt,http://www.geonames.org/2834498,,,"Odrich, Evelin und Peter Wollny, Hrsg., 2005. Die Briefentwürfe des Johann Elias Bach. 2., erw. Auflage. Hildesheim, Olms. Leipziger Beiträge zur Bach-Forschung. 3. ISBN 3-487-12820-9",145-147,D-LEb,,,314-315
57,Johann Elias Bach,116216026,,,1740-10-04,Sabina Magdalena Hacker,,Schweinfurt,http://www.geonames.org/2834498,,,"Odrich, Evelin und Peter Wollny, Hrsg., 2005. Die Briefentwürfe des Johann Elias Bach. 2., erw. Auflage. Hildesheim, Olms. Leipziger Beiträge zur Bach-Forschung. 3. ISBN 3-487-12820-9",147,D-LEb,,,315-316
58,Johann Elias Bach,116216026,,,1740-10-10,Simon Friedrich von Meyern,,Halle,http://www.geonames.org/2911522,,,"Odrich, Evelin und Peter Wollny, Hrsg., 2005. Die Briefentwürfe des Johann Elias Bach. 2., erw. Auflage. Hildesheim, Olms. Leipziger Beiträge zur Bach-Forschung. 3. ISBN 3-487-12820-9",147-148,D-LEb,,,316-317
59,Johann Elias Bach,116216026,,,1741-01-02,Johann Wilhelm Koch,13390637X,Ronneburg,http://www.geonames.org/2845229,,,"Odrich, Evelin und Peter Wollny, Hrsg., 2005. Die Briefentwürfe des Johann Elias Bach. 2., erw. Auflage. Hildesheim, Olms. Leipziger Beiträge zur Bach-Forschung. 3. ISBN 3-487-12820-9",149-150,D-LEb,,,319-320
60,Johann Elias Bach,116216026,,,1741-01-28,Döring,,Collm,http://www.geonames.org/2939919,,,"Odrich, Evelin und Peter Wollny, Hrsg., 2005. Die Briefentwürfe des Johann Elias Bach. 2., erw. Auflage. Hildesheim, Olms. Leipziger Beiträge zur Bach-Forschung. 3. ISBN 3-487-12820-9",150-152,D-LEb,,,322-324
61,Johann Elias Bach,116216026,,,1741-01-28,Johann Wilhelm Koch,13390637X,Ronneburg,http://www.geonames.org/2845229,,,"Odrich, Evelin und Peter Wollny, Hrsg., 2005. Die Briefentwürfe des Johann Elias Bach. 2., erw. Auflage. Hildesheim, Olms. Leipziger Beiträge zur Bach-Forschung. 3. ISBN 3-487-12820-9",152-153,D-LEb,,,324-326
62,Johann Elias Bach,116216026,,,1741-02-11,Jacob Samuel Schröer,121201082,Wildenhain,http://www.geonames.org/2808946,,,"Odrich, Evelin und Peter Wollny, Hrsg., 2005. Die Briefentwürfe des Johann Elias Bach. 2., erw. Auflage. Hildesheim, Olms. Leipziger Beiträge zur Bach-Forschung. 3. ISBN 3-487-12820-9",154-156,D-LEb,,,326-329
63,Johann Elias Bach,116216026,,,1741-04-25,Anna Sibylla Bach; Catharina Margaretha Bach,,Schweinfurt,http://www.geonames.org/2834498,,,"Odrich, Evelin und Peter Wollny, Hrsg., 2005. Die Briefentwürfe des Johann Elias Bach. 2., erw. Auflage. Hildesheim, Olms. Leipziger Beiträge zur Bach-Forschung. 3. ISBN 3-487-12820-9",156,D-LEb,,,330-331
64,Johann Elias Bach,116216026,,,1741-04-25,Fräulein von Meyern,,Schweinfurt,http://www.geonames.org/2834498,,,"Odrich, Evelin und Peter Wollny, Hrsg., 2005. Die Briefentwürfe des Johann Elias Bach. 2., erw. Auflage. Hildesheim, Olms. Leipziger Beiträge zur Bach-Forschung. 3. ISBN 3-487-12820-9",157,D-LEb,,,331
65,Johann Elias Bach,116216026,,,1741-04-26,Johann Wilhelm Koch,13390637X,Ronneburg,http://www.geonames.org/2845229,,,"Odrich, Evelin und Peter Wollny, Hrsg., 2005. Die Briefentwürfe des Johann Elias Bach. 2., erw. Auflage. Hildesheim, Olms. Leipziger Beiträge zur Bach-Forschung. 3. ISBN 3-487-12820-9",157-158,D-LEb,,,333-334
66,Johann Elias Bach,116216026,,,1741-05-16,Johann Christian Große,,Kirchhain,http://www.geonames.org/2936631,,,"Odrich, Evelin und Peter Wollny, Hrsg., 2005. Die Briefentwürfe des Johann Elias Bach. 2., erw. Auflage. Hildesheim, Olms. Leipziger Beiträge zur Bach-Forschung. 3. ISBN 3-487-12820-9",158-159,D-LEb,,,336-337
67,Johann Elias Bach,116216026,,,1741-06-09,Johann Andreas Schüßler,,Schweinfurt,http://www.geonames.org/2834498,,,"Odrich, Evelin und Peter Wollny, Hrsg., 2005. Die Briefentwürfe des Johann Elias Bach. 2., erw. Auflage. Hildesheim, Olms. Leipziger Beiträge zur Bach-Forschung. 3. ISBN 3-487-12820-9",159-160,D-LEb,,,338-339
68,Johann Elias Bach,116216026,,,1741-06-09,Johann Michael Marold,1019381957,Schweinfurt,http://www.geonames.org/2834498,,,"Odrich, Evelin und Peter Wollny, Hrsg., 2005. Die Briefentwürfe des Johann Elias Bach. 2., erw. Auflage. Hildesheim, Olms. Leipziger Beiträge zur Bach-Forschung. 3. ISBN 3-487-12820-9",160-161,D-LEb,,,340-341
69,Johann Elias Bach,116216026,,,1741-07-07,Friedrich Adam Segnitz,120257726,Schweinfurt,http://www.geonames.org/2834498,,,"Odrich, Evelin und Peter Wollny, Hrsg., 2005. Die Briefentwürfe des Johann Elias Bach. 2., erw. Auflage. Hildesheim, Olms. Leipziger Beiträge zur Bach-Forschung. 3. ISBN 3-487-12820-9",161-163,D-LEb,,,342-344
70,Johann Elias Bach,116216026,,,1741-07-13,Gottlob Persigk,1018996605,Dresden,http://www.geonames.org/2935022,,,"Odrich, Evelin und Peter Wollny, Hrsg., 2005. Die Briefentwürfe des Johann Elias Bach. 2., erw. Auflage. Hildesheim, Olms. Leipziger Beiträge zur Bach-Forschung. 3. ISBN 3-487-12820-9",163-164,D-LEb,,,346
71,Johann Elias Bach,116216026,,,1741-08-05,Johann Sebastian Bach,11850553X,Berlin,http://www.geonames.org/2950159,,,"Odrich, Evelin und Peter Wollny, Hrsg., 2005. Die Briefentwürfe des Johann Elias Bach. 2., erw. Auflage. Hildesheim, Olms. Leipziger Beiträge zur Bach-Forschung. 3. ISBN 3-487-12820-9",164-165,D-LEb,,,348-349
72,Johann Elias Bach,116216026,,,1741-08-09,Johann Sebastian Bach,11850553X,Berlin,http://www.geonames.org/2950159,,,"Odrich, Evelin und Peter Wollny, Hrsg., 2005. Die Briefentwürfe des Johann Elias Bach. 2., erw. Auflage. Hildesheim, Olms. Leipziger Beiträge zur Bach-Forschung. 3. ISBN 3-487-12820-9",165-166,D-LEb,,,350
73,Johann Elias Bach,116216026,,,1741-08-16,Simon Friedrich von Meyern,,Halle,http://www.geonames.org/2911522,,,"Odrich, Evelin und Peter Wollny, Hrsg., 2005. Die Briefentwürfe des Johann Elias Bach. 2., erw. Auflage. Hildesheim, Olms. Leipziger Beiträge zur Bach-Forschung. 3. ISBN 3-487-12820-9",166-167,D-LEb,,,351-352
74,Johann Elias Bach,116216026,,,1741-08-28,Anna Sibylla Bach; Catharina Margaretha Bach,,Schweinfurt,http://www.geonames.org/2834498,,,"Odrich, Evelin und Peter Wollny, Hrsg., 2005. Die Briefentwürfe des Johann Elias Bach. 2., erw. Auflage. Hildesheim, Olms. Leipziger Beiträge zur Bach-Forschung. 3. ISBN 3-487-12820-9",167-168,D-LEb,,,352-354
75,Johann Elias Bach,116216026,,,1741-08-28?,Sabina Magdalena Hacker,,Schweinfurt,http://www.geonames.org/2834498,,,"Odrich, Evelin und Peter Wollny, Hrsg., 2005. Die Briefentwürfe des Johann Elias Bach. 2., erw. Auflage. Hildesheim, Olms. Leipziger Beiträge zur Bach-Forschung. 3. ISBN 3-487-12820-9",169-170,D-LEb,,,354-357
76,Johann Elias Bach,116216026,,,1741-10-03,Sabina Magdalena Hacker,,Schweinfurt,http://www.geonames.org/2834498,,,"Odrich, Evelin und Peter Wollny, Hrsg., 2005. Die Briefentwürfe des Johann Elias Bach. 2., erw. Auflage. Hildesheim, Olms. Leipziger Beiträge zur Bach-Forschung. 3. ISBN 3-487-12820-9",171-172,D-LEb,,,367-369
77,Johann Elias Bach,116216026,,,1741-10-12,Gottlob Persigk,1018996605,Dresden,http://www.geonames.org/2935022,,,"Odrich, Evelin und Peter Wollny, Hrsg., 2005. Die Briefentwürfe des Johann Elias Bach. 2., erw. Auflage. Hildesheim, Olms. Leipziger Beiträge zur Bach-Forschung. 3. ISBN 3-487-12820-9",172-174,D-LEb,,,369-371
78,Johann Elias Bach,116216026,,,1741-10-21,Teichmann,,Langensalza,http://www.geonames.org/2953413,,,"Odrich, Evelin und Peter Wollny, Hrsg., 2005. Die Briefentwürfe des Johann Elias Bach. 2., erw. Auflage. Hildesheim, Olms. Leipziger Beiträge zur Bach-Forschung. 3. ISBN 3-487-12820-9",174-175,D-LEb,,,374-375
79,Johann Elias Bach,116216026,,,1741-11-22,Gottlob Persigk,1018996605,Dresden,http://www.geonames.org/2935022,,,"Odrich, Evelin und Peter Wollny, Hrsg., 2005. Die Briefentwürfe des Johann Elias Bach. 2., erw. Auflage. Hildesheim, Olms. Leipziger Beiträge zur Bach-Forschung. 3. ISBN 3-487-12820-9",175-177,D-LEb,,,376-378
80,Johann Elias Bach,116216026,,,1741-11-22,Hofmeister Haase,,Dresden,http://www.geonames.org/2935022,,,"Odrich, Evelin und Peter Wollny, Hrsg., 2005. Die Briefentwürfe des Johann Elias Bach. 2., erw. Auflage. Hildesheim, Olms. Leipziger Beiträge zur Bach-Forschung. 3. ISBN 3-487-12820-9",177-178,D-LEb,,,378261
81,Johann Elias Bach,116216026,,,1742-01-05,Johann Jacob Stößel,,Schweinfurt,http://www.geonames.org/2834498,,,"Odrich, Evelin und Peter Wollny, Hrsg., 2005. Die Briefentwürfe des Johann Elias Bach. 2., erw. Auflage. Hildesheim, Olms. Leipziger Beiträge zur Bach-Forschung. 3. ISBN 3-487-12820-9",178-179,D-LEb,,,224-226
82,Johann Elias Bach,116216026,,,1742-01-05,Sabina Magdalena Hacker,,Schweinfurt,http://www.geonames.org/2834498,,,"Odrich, Evelin und Peter Wollny, Hrsg., 2005. Die Briefentwürfe des Johann Elias Bach. 2., erw. Auflage. Hildesheim, Olms. Leipziger Beiträge zur Bach-Forschung. 3. ISBN 3-487-12820-9",179-180,D-LEb,,,227-229
83,Johann Elias Bach,116216026,,,1742-01-09,Johann Ernst Bach,121599027,Eisenach,http://www.geonames.org/2931574,,,"Odrich, Evelin und Peter Wollny, Hrsg., 2005. Die Briefentwürfe des Johann Elias Bach. 2., erw. Auflage. Hildesheim, Olms. Leipziger Beiträge zur Bach-Forschung. 3. ISBN 3-487-12820-9",180-182,D-LEb,,,260/123-125
84,Johann Elias Bach,116216026,,,1742-01-12,Hofmeister Haase,,Dresden,http://www.geonames.org/2935022,,,"Odrich, Evelin und Peter Wollny, Hrsg., 2005. Die Briefentwürfe des Johann Elias Bach. 2., erw. Auflage. Hildesheim, Olms. Leipziger Beiträge zur Bach-Forschung. 3. ISBN 3-487-12820-9",182-183,D-LEb,,,125-127
85,Johann Elias Bach,116216026,,,1742-01-13,Carl Friedrich Engelhardt,128366222,Schweinfurt,http://www.geonames.org/2834498,,,"Odrich, Evelin und Peter Wollny, Hrsg., 2005. Die Briefentwürfe des Johann Elias Bach. 2., erw. Auflage. Hildesheim, Olms. Leipziger Beiträge zur Bach-Forschung. 3. ISBN 3-487-12820-9",183-184,D-LEb,,,127-130
86,Johann Elias Bach,116216026,,,1742-01-25,Gottlob Persigk,1018996605,Dresden,http://www.geonames.org/2935022,,,"Odrich, Evelin und Peter Wollny, Hrsg., 2005. Die Briefentwürfe des Johann Elias Bach. 2., erw. Auflage. Hildesheim, Olms. Leipziger Beiträge zur Bach-Forschung. 3. ISBN 3-487-12820-9",184-185,D-LEb,,,130-132
87,Johann Elias Bach,116216026,,,1742-02-08,Johann Wolfgang Rosenbusch,,Schweinfurt,http://www.geonames.org/2834498,,,"Odrich, Evelin und Peter Wollny, Hrsg., 2005. Die Briefentwürfe des Johann Elias Bach. 2., erw. Auflage. Hildesheim, Olms. Leipziger Beiträge zur Bach-Forschung. 3. ISBN 3-487-12820-9",186,D-LEb,,,135-136
88,Johann Elias Bach,116216026,,,1742-02-21,Gottlob Persigk,1018996605,Dresden,http://www.geonames.org/2935022,,,"Odrich, Evelin und Peter Wollny, Hrsg., 2005. Die Briefentwürfe des Johann Elias Bach. 2., erw. Auflage. Hildesheim, Olms. Leipziger Beiträge zur Bach-Forschung. 3. ISBN 3-487-12820-9",186-187,D-LEb,,,137-138
89,Johann Elias Bach,116216026,,,1742-02-22,Sabina Magdalena Hacker,,Schweinfurt,http://www.geonames.org/2834498,,,"Odrich, Evelin und Peter Wollny, Hrsg., 2005. Die Briefentwürfe des Johann Elias Bach. 2., erw. Auflage. Hildesheim, Olms. Leipziger Beiträge zur Bach-Forschung. 3. ISBN 3-487-12820-9",188-191,D-LEb,,,138-143
90,Johann Elias Bach,116216026,,,1742-02-27,Gottlob Persigk,1018996605,Dresden,http://www.geonames.org/2935022,,,"Odrich, Evelin und Peter Wollny, Hrsg., 2005. Die Briefentwürfe des Johann Elias Bach. 2., erw. Auflage. Hildesheim, Olms. Leipziger Beiträge zur Bach-Forschung. 3. ISBN 3-487-12820-9",191-192,D-LEb,,,145-146
91,Johann Elias Bach,116216026,,,1742-03-16,Sabina Magdalena Hacker,,Schweinfurt,http://www.geonames.org/2834498,,,"Odrich, Evelin und Peter Wollny, Hrsg., 2005. Die Briefentwürfe des Johann Elias Bach. 2., erw. Auflage. Hildesheim, Olms. Leipziger Beiträge zur Bach-Forschung. 3. ISBN 3-487-12820-9",192,D-LEb,,,148-149
92,Johann Elias Bach,116216026,,,1742-03-21,Gottlob Persigk,1018996605,Dresden,http://www.geonames.org/2935022,,,"Odrich, Evelin und Peter Wollny, Hrsg., 2005. Die Briefentwürfe des Johann Elias Bach. 2., erw. Auflage. Hildesheim, Olms. Leipziger Beiträge zur Bach-Forschung. 3. ISBN 3-487-12820-9",193-194,D-LEb,,,150-152
93,Johann Elias Bach,116216026,,,1742-04-18,Carl Friedrich Schöpf,100264158,Schweinfurt,http://www.geonames.org/2834498,,,"Odrich, Evelin und Peter Wollny, Hrsg., 2005. Die Briefentwürfe des Johann Elias Bach. 2., erw. Auflage. Hildesheim, Olms. Leipziger Beiträge zur Bach-Forschung. 3. ISBN 3-487-12820-9",194-195,D-LEb,,,157-159
94,Johann Elias Bach,116216026,,,1742-04-18,Höflich,,Schweinfurt,http://www.geonames.org/2834498,,,"Odrich, Evelin und Peter Wollny, Hrsg., 2005. Die Briefentwürfe des Johann Elias Bach. 2., erw. Auflage. Hildesheim, Olms. Leipziger Beiträge zur Bach-Forschung. 3. ISBN 3-487-12820-9",195-196,D-LEb,,,159-160
95,Johann Elias Bach,116216026,,,1742-04-18,Anna Sibylla Bach; Catharina Margaretha Bach,,Schweinfurt,http://www.geonames.org/2834498,,,"Odrich, Evelin und Peter Wollny, Hrsg., 2005. Die Briefentwürfe des Johann Elias Bach. 2., erw. Auflage. Hildesheim, Olms. Leipziger Beiträge zur Bach-Forschung. 3. ISBN 3-487-12820-9",196-197,D-LEb,,,161
96,Johann Elias Bach,116216026,,,1742-04-18,Johann Andreas Schüßler,,Schweinfurt,http://www.geonames.org/2834498,,,"Odrich, Evelin und Peter Wollny, Hrsg., 2005. Die Briefentwürfe des Johann Elias Bach. 2., erw. Auflage. Hildesheim, Olms. Leipziger Beiträge zur Bach-Forschung. 3. ISBN 3-487-12820-9",197-198,D-LEb,,,162-164
97,Johann Elias Bach,116216026,,,1742-04-18,Sabina Magdalena Hacker,,Schweinfurt,http://www.geonames.org/2834498,,,"Odrich, Evelin und Peter Wollny, Hrsg., 2005. Die Briefentwürfe des Johann Elias Bach. 2., erw. Auflage. Hildesheim, Olms. Leipziger Beiträge zur Bach-Forschung. 3. ISBN 3-487-12820-9",198-199,D-LEb,,,166-167
98,Johann Elias Bach,116216026,,,1742-04-18,Simon Friedrich von Meyern,,Schweinfurt,http://www.geonames.org/2834498,,,"Odrich, Evelin und Peter Wollny, Hrsg., 2005. Die Briefentwürfe des Johann Elias Bach. 2., erw. Auflage. Hildesheim, Olms. Leipziger Beiträge zur Bach-Forschung. 3. ISBN 3-487-12820-9",199-200,D-LEb,,,167-168
99,Johann Elias Bach,116216026,,,1742-04-18,Friedrich Adam Segnitz,120257726,Schweinfurt,http://www.geonames.org/2834498,,,"Odrich, Evelin und Peter Wollny, Hrsg., 2005. Die Briefentwürfe des Johann Elias Bach. 2., erw. Auflage. Hildesheim, Olms. Leipziger Beiträge zur Bach-Forschung. 3. ISBN 3-487-12820-9",201,D-LEb,,,169-170
100,Johann Elias Bach,116216026,,,1742-04-28,Johann Ernst Bach,121599027,Eisenach,http://www.geonames.org/2931574,,,"Odrich, Evelin und Peter Wollny, Hrsg., 2005. Die Briefentwürfe des Johann Elias Bach. 2., erw. Auflage. Hildesheim, Olms. Leipziger Beiträge zur Bach-Forschung. 3. ISBN 3-487-12820-9",202,D-LEb,,,172
101,Johann Elias Bach,116216026,,,1742-05?,Johann Wilhelm Koch,13390637X,Ronneburg,http://www.geonames.org/2845229,,,"Odrich, Evelin und Peter Wollny, Hrsg., 2005. Die Briefentwürfe des Johann Elias Bach. 2., erw. Auflage. Hildesheim, Olms. Leipziger Beiträge zur Bach-Forschung. 3. ISBN 3-487-12820-9",202-203,D-LEb,,,173-174
102,Johann Elias Bach,116216026,,,1742-05-12,Carl Philipp Emanuel Bach,118505505,Berlin,http://www.geonames.org/2950159,,,"Odrich, Evelin und Peter Wollny, Hrsg., 2005. Die Briefentwürfe des Johann Elias Bach. 2., erw. Auflage. Hildesheim, Olms. Leipziger Beiträge zur Bach-Forschung. 3. ISBN 3-487-12820-9",204,D-LEb,,,175-176
103,Johann Elias Bach,116216026,,,1742-05-18,Simon Friedrich von Meyern,,Schweinfurt,http://www.geonames.org/2834498,,,"Odrich, Evelin und Peter Wollny, Hrsg., 2005. Die Briefentwürfe des Johann Elias Bach. 2., erw. Auflage. Hildesheim, Olms. Leipziger Beiträge zur Bach-Forschung. 3. ISBN 3-487-12820-9",205-206,D-LEb,,,177-178
104,Johann Elias Bach,116216026,,,1742-06-21,Sabina Magdalena Hacker,,Schweinfurt,http://www.geonames.org/2834498,,,"Odrich, Evelin und Peter Wollny, Hrsg., 2005. Die Briefentwürfe des Johann Elias Bach. 2., erw. Auflage. Hildesheim, Olms. Leipziger Beiträge zur Bach-Forschung. 3. ISBN 3-487-12820-9",206-207,D-LEb,,,186-188
105,Johann Elias Bach,116216026,,,1742-07-06,Friedrich Adam Segnitz,120257726,Schweinfurt,http://www.geonames.org/2834498,,,"Odrich, Evelin und Peter Wollny, Hrsg., 2005. Die Briefentwürfe des Johann Elias Bach. 2., erw. Auflage. Hildesheim, Olms. Leipziger Beiträge zur Bach-Forschung. 3. ISBN 3-487-12820-9",207-209,D-LEb,,,189-190
106,Johann Elias Bach,116216026,,,1742-08-31,Simon Friedrich von Meyern,,Schweinfurt,http://www.geonames.org/2834498,,,"Odrich, Evelin und Peter Wollny, Hrsg., 2005. Die Briefentwürfe des Johann Elias Bach. 2., erw. Auflage. Hildesheim, Olms. Leipziger Beiträge zur Bach-Forschung. 3. ISBN 3-487-12820-9",209-210,D-LEb,,,75-76
107,Johann Elias Bach,116216026,,,1742-08-31?,Wolfgang Adam Wohlkomm,,Schweinfurt,http://www.geonames.org/2834498,,,"Odrich, Evelin und Peter Wollny, Hrsg., 2005. Die Briefentwürfe des Johann Elias Bach. 2., erw. Auflage. Hildesheim, Olms. Leipziger Beiträge zur Bach-Forschung. 3. ISBN 3-487-12820-9",210-211,D-LEb,,,77-79
108,Johann Elias Bach,116216026,,,1742-09?,Friedrich Adam Segnitz,120257726,Schweinfurt,http://www.geonames.org/2834498,,,"Odrich, Evelin und Peter Wollny, Hrsg., 2005. Die Briefentwürfe des Johann Elias Bach. 2., erw. Auflage. Hildesheim, Olms. Leipziger Beiträge zur Bach-Forschung. 3. ISBN 3-487-12820-9",212,D-LEb,,,80
109,Johann Elias Bach,116216026,,,1742-10-01,Anna Sibylla Bach; Catharina Margaretha Bach,,Schweinfurt,http://www.geonames.org/2834498,,,"Odrich, Evelin und Peter Wollny, Hrsg., 2005. Die Briefentwürfe des Johann Elias Bach. 2., erw. Auflage. Hildesheim, Olms. Leipziger Beiträge zur Bach-Forschung. 3. ISBN 3-487-12820-9",212-213,D-LEb,,,87
110,Johann Elias Bach,116216026,,,1742-10-01,Sabina Magdalena Hacker,,Schweinfurt,http://www.geonames.org/2834498,,,"Odrich, Evelin und Peter Wollny, Hrsg., 2005. Die Briefentwürfe des Johann Elias Bach. 2., erw. Auflage. Hildesheim, Olms. Leipziger Beiträge zur Bach-Forschung. 3. ISBN 3-487-12820-9",213-214,D-LEb,,,88-89
111,Johann Elias Bach,116216026,,,1742-10-01?,Johann Philipp Raßdörffer,133601145,Schweinfurt,http://www.geonames.org/2834498,,,"Odrich, Evelin und Peter Wollny, Hrsg., 2005. Die Briefentwürfe des Johann Elias Bach. 2., erw. Auflage. Hildesheim, Olms. Leipziger Beiträge zur Bach-Forschung. 3. ISBN 3-487-12820-9",214-215,D-LEb,,,90-91
112,Johann Elias Bach,116216026,,,1742-10-02,Wolfgang Adam Wohlkomm,,Schweinfurt,http://www.geonames.org/2834498,,,"Odrich, Evelin und Peter Wollny, Hrsg., 2005. Die Briefentwürfe des Johann Elias Bach. 2., erw. Auflage. Hildesheim, Olms. Leipziger Beiträge zur Bach-Forschung. 3. ISBN 3-487-12820-9",215-218,D-LEb,,,91-92
113,Johann Elias Bach,116216026,,,1742-10-02,Simon Friedrich von Meyern,,Schweinfurt,http://www.geonames.org/2834498,,,"Odrich, Evelin und Peter Wollny, Hrsg., 2005. Die Briefentwürfe des Johann Elias Bach. 2., erw. Auflage. Hildesheim, Olms. Leipziger Beiträge zur Bach-Forschung. 3. ISBN 3-487-12820-9",218-219,D-LEb,,,93-95
114,Johann Elias Bach,116216026,,,1742-10-13,Johann Stängel,104223596,Roßleben,http://www.geonames.org/2844651,,,"Odrich, Evelin und Peter Wollny, Hrsg., 2005. Die Briefentwürfe des Johann Elias Bach. 2., erw. Auflage. Hildesheim, Olms. Leipziger Beiträge zur Bach-Forschung. 3. ISBN 3-487-12820-9",220-221,D-LEb,,,100-101
115,Johann Elias Bach,116216026,,,1742-10-19,Friedrich Adam Segnitz,120257726,Schweinfurt,http://www.geonames.org/2834498,,,"Odrich, Evelin und Peter Wollny, Hrsg., 2005. Die Briefentwürfe des Johann Elias Bach. 2., erw. Auflage. Hildesheim, Olms. Leipziger Beiträge zur Bach-Forschung. 3. ISBN 3-487-12820-9",221,D-LEb,,,101-102
116,Johann Elias Bach,116216026,,,1742-10-21,Johann Wilhelm Koch,13390637X,Ronneburg,http://www.geonames.org/2845229,,,"Odrich, Evelin und Peter Wollny, Hrsg., 2005. Die Briefentwürfe des Johann Elias Bach. 2., erw. Auflage. Hildesheim, Olms. Leipziger Beiträge zur Bach-Forschung. 3. ISBN 3-487-12820-9",222-223,D-LEb,,,104-106
117,Johann Elias Bach,116216026,,,1742-11-07,Johann Sebastian Bach,11850553X,Leipzig,http://www.geonames.org/2879139,,,"Odrich, Evelin und Peter Wollny, Hrsg., 2005. Die Briefentwürfe des Johann Elias Bach. 2., erw. Auflage. Hildesheim, Olms. Leipziger Beiträge zur Bach-Forschung. 3. ISBN 3-487-12820-9",223-224,D-LEb,,,111-112
118,Johann Elias Bach,116216026,,,1742-11-07,Johann Friedrich Schillbach,,Leipzig,http://www.geonames.org/2879139,,,"Odrich, Evelin und Peter Wollny, Hrsg., 2005. Die Briefentwürfe des Johann Elias Bach. 2., erw. Auflage. Hildesheim, Olms. Leipziger Beiträge zur Bach-Forschung. 3. ISBN 3-487-12820-9",224,D-LEb,,,112-113
119,Johann Elias Bach,116216026,,,1742-11-19,Johann Christian Große,,Leipzig,http://www.geonames.org/2879139,,,"Odrich, Evelin und Peter Wollny, Hrsg., 2005. Die Briefentwürfe des Johann Elias Bach. 2., erw. Auflage. Hildesheim, Olms. Leipziger Beiträge zur Bach-Forschung. 3. ISBN 3-487-12820-9",225-226,D-LEb,,,113-115
120,Johann Elias Bach,116216026,,,1743-08-01,Johann Stängel,104223596,Roßleben,http://www.geonames.org/2844651,,,"Odrich, Evelin und Peter Wollny, Hrsg., 2005. Die Briefentwürfe des Johann Elias Bach. 2., erw. Auflage. Hildesheim, Olms. Leipziger Beiträge zur Bach-Forschung. 3. ISBN 3-487-12820-9",226-229,D-LEb,,,191-194
121,Johann Elias Bach,116216026,,,1743-08-15,Johann Friedrich Schillbach,,Leipzig,http://www.geonames.org/2879139,,,"Odrich, Evelin und Peter Wollny, Hrsg., 2005. Die Briefentwürfe des Johann Elias Bach. 2., erw. Auflage. Hildesheim, Olms. Leipziger Beiträge zur Bach-Forschung. 3. ISBN 3-487-12820-9",229-230,D-LEb,,,194-196
122,Johann Elias Bach,116216026,,,1743-08-15,Gottlieb Salomon Schreber,120735466,Tennstedt,http://www.geonames.org/2953325,,,"Odrich, Evelin und Peter Wollny, Hrsg., 2005. Die Briefentwürfe des Johann Elias Bach. 2., erw. Auflage. Hildesheim, Olms. Leipziger Beiträge zur Bach-Forschung. 3. ISBN 3-487-12820-9",230-231,D-LEb,,,196-199
123,Johann Elias Bach,116216026,,,1743-09-07,Johann Conrad Wolfhardt,,Lahm,http://www.geonames.org/2881914,,,"Odrich, Evelin und Peter Wollny, Hrsg., 2005. Die Briefentwürfe des Johann Elias Bach. 2., erw. Auflage. Hildesheim, Olms. Leipziger Beiträge zur Bach-Forschung. 3. ISBN 3-487-12820-9",232,D-LEb,,,200-202
124,Johann Elias Bach,116216026,,,1743-09-07,Catharina Bach,,Lahm,http://www.geonames.org/2881914,,,"Odrich, Evelin und Peter Wollny, Hrsg., 2005. Die Briefentwürfe des Johann Elias Bach. 2., erw. Auflage. Hildesheim, Olms. Leipziger Beiträge zur Bach-Forschung. 3. ISBN 3-487-12820-9",233-234,D-LEb,,,202-204
125,Johann Elias Bach,116216026,,,1743-09-28,Johann Georg Pflug,13729526X,Zöschau,http://www.geonames.org/2803876,,,"Odrich, Evelin und Peter Wollny, Hrsg., 2005. Die Briefentwürfe des Johann Elias Bach. 2., erw. Auflage. Hildesheim, Olms. Leipziger Beiträge zur Bach-Forschung. 3. ISBN 3-487-12820-9",234-235,D-LEb,,,205-206
126,Johann Elias Bach,116216026,,,1743-09-28,Stockmann,,Zöschau,http://www.geonames.org/2803876,,,"Odrich, Evelin und Peter Wollny, Hrsg., 2005. Die Briefentwürfe des Johann Elias Bach. 2., erw. Auflage. Hildesheim, Olms. Leipziger Beiträge zur Bach-Forschung. 3. ISBN 3-487-12820-9",235-237,D-LEb,,,208-211
127,Johann Elias Bach,116216026,,,1743-09?,Johann Lorenz Bach,124411576,Lahm,http://www.geonames.org/2881914,,,"Odrich, Evelin und Peter Wollny, Hrsg., 2005. Die Briefentwürfe des Johann Elias Bach. 2., erw. Auflage. Hildesheim, Olms. Leipziger Beiträge zur Bach-Forschung. 3. ISBN 3-487-12820-9",237-238,D-LEb,,,214-215
128,Johann Elias Bach,116216026,,,1743-10-31,Johann Lorenz Bach,124411576,Lahm,http://www.geonames.org/2881914,,,"Odrich, Evelin und Peter Wollny, Hrsg., 2005. Die Briefentwürfe des Johann Elias Bach. 2., erw. Auflage. Hildesheim, Olms. Leipziger Beiträge zur Bach-Forschung. 3. ISBN 3-487-12820-9",238-239,D-LEb,,,215-217
129,Johann Elias Bach,116216026,,,1743-10-31,Johann Conrad Wolfhardt,,Lahm,http://www.geonames.org/2881914,,,"Odrich, Evelin und Peter Wollny, Hrsg., 2005. Die Briefentwürfe des Johann Elias Bach. 2., erw. Auflage. Hildesheim, Olms. Leipziger Beiträge zur Bach-Forschung. 3. ISBN 3-487-12820-9",239-240,D-LEb,,,217-218
130,Johann Elias Bach,116216026,,,1744-02?,Rat der Stadt Schweinfurt,4053863-1,Schweinfurt,http://www.geonames.org/2834498,,,"Odrich, Evelin und Peter Wollny, Hrsg., 2005. Die Briefentwürfe des Johann Elias Bach. 2., erw. Auflage. Hildesheim, Olms. Leipziger Beiträge zur Bach-Forschung. 3. ISBN 3-487-12820-9",240-241,D-LEb,,,220-221
131,Johann Elias Bach,116216026,,,1738-12-10,Rat der Stadt Ronneburg,1281274267,Ronneburg,http://www.geonames.org/2845229,,,"Odrich, Evelin und Peter Wollny, Hrsg., 2005. Die Briefentwürfe des Johann Elias Bach. 2., erw. Auflage. Hildesheim, Olms. Leipziger Beiträge zur Bach-Forschung. 3. ISBN 3-487-12820-9",242-243,"Stadtarchiv Ronneburg, T 1,20",,,fol. 10
132,Johann Elias Bach,116216026,,,1738-12-10,Christoph Wilhelm Löber,123593336,Ronneburg,http://www.geonames.org/2845229,,,"Odrich, Evelin und Peter Wollny, Hrsg., 2005. Die Briefentwürfe des Johann Elias Bach. 2., erw. Auflage. Hildesheim, Olms. Leipziger Beiträge zur Bach-Forschung. 3. ISBN 3-487-12820-9",243-244,"Stadtarchiv Ronneburg, T 1,20",,,fol. 14
133,Johann Elias Bach,116216026,,,1740-05-03,Rat der Stadt Dommitzsch,1127648993,Dommitzsch,http://www.geonames.org/2936280,,,"Odrich, Evelin und Peter Wollny, Hrsg., 2005. Die Briefentwürfe des Johann Elias Bach. 2., erw. Auflage. Hildesheim, Olms. Leipziger Beiträge zur Bach-Forschung. 3. ISBN 3-487-12820-9",244-245,D-LEsta Bestand 20604 Stadt Dommitzsch,,,Nr. 310
,Johann Elias Bach,116216026,,,1738-04-29,Friedrich Adam Segnitz,120257726,Schweinfurt,http://www.geonames.org/2834498,,,"Odrich, Evelin und Peter Wollny, Hrsg., 2005. Die Briefentwürfe des Johann Elias Bach. 2., erw. Auflage. Hildesheim, Olms. Leipziger Beiträge zur Bach-Forschung. 3. ISBN 3-487-12820-9",,D-LEb,,,62-63
,Johann Elias Bach,116216026,,,1738-08-01,Johann Elias Kirch,1049922433,Schweinfurt,http://www.geonames.org/2834498,,,"Odrich, Evelin und Peter Wollny, Hrsg., 2005. Die Briefentwürfe des Johann Elias Bach. 2., erw. Auflage. Hildesheim, Olms. Leipziger Beiträge zur Bach-Forschung. 3. ISBN 3-487-12820-9",,D-LEb,,,121-122
,Johann Elias Bach,116216026,,,1738-08-01,Rat der Stadt Schweinfurt,4053863-1,Schweinfurt,http://www.geonames.org/2834498,,,"Odrich, Evelin und Peter Wollny, Hrsg., 2005. Die Briefentwürfe des Johann Elias Bach. 2., erw. Auflage. Hildesheim, Olms. Leipziger Beiträge zur Bach-Forschung. 3. ISBN 3-487-12820-9",,D-LEb,,,71
,Johann Elias Bach,116216026,,,1738-10-06,Friedrich Adam Segnitz,120257726,Schweinfurt,http://www.geonames.org/2834498,,,"Odrich, Evelin und Peter Wollny, Hrsg., 2005. Die Briefentwürfe des Johann Elias Bach. 2., erw. Auflage. Hildesheim, Olms. Leipziger Beiträge zur Bach-Forschung. 3. ISBN 3-487-12820-9",,D-LEb,,,12
,Johann Elias Bach,116216026,,,1738-10-06,Johann Elias Kirch,1049922433,Schweinfurt,http://www.geonames.org/2834498,,,"Odrich, Evelin und Peter Wollny, Hrsg., 2005. Die Briefentwürfe des Johann Elias Bach. 2., erw. Auflage. Hildesheim, Olms. Leipziger Beiträge zur Bach-Forschung. 3. ISBN 3-487-12820-9",,D-LEb,,,19
,Johann Elias Bach,116216026,,,1738-10-06,Johann Englert,1014023939,Schweinfurt,http://www.geonames.org/2834498,,,"Odrich, Evelin und Peter Wollny, Hrsg., 2005. Die Briefentwürfe des Johann Elias Bach. 2., erw. Auflage. Hildesheim, Olms. Leipziger Beiträge zur Bach-Forschung. 3. ISBN 3-487-12820-9",,D-LEb,,,9-11
,Johann Elias Bach,116216026,,,1738-10-06,Johann Wolfgang Rosenbusch,,Schweinfurt,http://www.geonames.org/2834498,,,"Odrich, Evelin und Peter Wollny, Hrsg., 2005. Die Briefentwürfe des Johann Elias Bach. 2., erw. Auflage. Hildesheim, Olms. Leipziger Beiträge zur Bach-Forschung. 3. ISBN 3-487-12820-9",,D-LEb,,,15
,Johann Elias Bach,116216026,,,1738-10-12,Carl Friedrich Schöpf,100264158,Schweinfurt,http://www.geonames.org/2834498,,,"Odrich, Evelin und Peter Wollny, Hrsg., 2005. Die Briefentwürfe des Johann Elias Bach. 2., erw. Auflage. Hildesheim, Olms. Leipziger Beiträge zur Bach-Forschung. 3. ISBN 3-487-12820-9",,D-LEb,,,20-21
,Johann Elias Bach,116216026,,,1738-10-24,Johann Elias Kirch,1049922433,Schweinfurt,http://www.geonames.org/2834498,,,"Odrich, Evelin und Peter Wollny, Hrsg., 2005. Die Briefentwürfe des Johann Elias Bach. 2., erw. Auflage. Hildesheim, Olms. Leipziger Beiträge zur Bach-Forschung. 3. ISBN 3-487-12820-9",,D-LEb,,,22
,Johann Elias Bach,116216026,,,1738-12-18,Rat der Stadt Schweinfurt,4053863-1,Schweinfurt,http://www.geonames.org/2834498,,,"Odrich, Evelin und Peter Wollny, Hrsg., 2005. Die Briefentwürfe des Johann Elias Bach. 2., erw. Auflage. Hildesheim, Olms. Leipziger Beiträge zur Bach-Forschung. 3. ISBN 3-487-12820-9",,D-LEb,,,25-26
,Johann Elias Bach,116216026,,,1738-12-18,Sabina Magdalena Hacker,,Schweinfurt,http://www.geonames.org/2834498,,,"Odrich, Evelin und Peter Wollny, Hrsg., 2005. Die Briefentwürfe des Johann Elias Bach. 2., erw. Auflage. Hildesheim, Olms. Leipziger Beiträge zur Bach-Forschung. 3. ISBN 3-487-12820-9",,D-LEb,,,27-28
,Johann Elias Bach,116216026,,,1739-02-12,Carl Friedrich Schöpf,100264158,Schweinfurt,http://www.geonames.org/2834498,,,"Odrich, Evelin und Peter Wollny, Hrsg., 2005. Die Briefentwürfe des Johann Elias Bach. 2., erw. Auflage. Hildesheim, Olms. Leipziger Beiträge zur Bach-Forschung. 3. ISBN 3-487-12820-9",,D-LEb,,,31-32
,Johann Elias Bach,116216026,,,1739-02-12,Friedrich Adam Segnitz,120257726,Schweinfurt,http://www.geonames.org/2834498,,,"Odrich, Evelin und Peter Wollny, Hrsg., 2005. Die Briefentwürfe des Johann Elias Bach. 2., erw. Auflage. Hildesheim, Olms. Leipziger Beiträge zur Bach-Forschung. 3. ISBN 3-487-12820-9",,D-LEb,,,32-33
,Johann Elias Bach,116216026,,,1739-03-03,Höflich,,Schweinfurt,http://www.geonames.org/2834498,,,"Odrich, Evelin und Peter Wollny, Hrsg., 2005. Die Briefentwürfe des Johann Elias Bach. 2., erw. Auflage. Hildesheim, Olms. Leipziger Beiträge zur Bach-Forschung. 3. ISBN 3-487-12820-9",,D-LEb,,,36
,Johann Elias Bach,116216026,,,1739-03-14,Friedrich Adam Segnitz,120257726,Schweinfurt,http://www.geonames.org/2834498,,,"Odrich, Evelin und Peter Wollny, Hrsg., 2005. Die Briefentwürfe des Johann Elias Bach. 2., erw. Auflage. Hildesheim, Olms. Leipziger Beiträge zur Bach-Forschung. 3. ISBN 3-487-12820-9",,D-LEb,,,39
,Johann Elias Bach,116216026,,,1739-03-21,Zachau,,,,,,"Odrich, Evelin und Peter Wollny, Hrsg., 2005. Die Briefentwürfe des Johann Elias Bach. 2., erw. Auflage. Hildesheim, Olms. Leipziger Beiträge zur Bach-Forschung. 3. ISBN 3-487-12820-9",,D-LEb,,,41
,Johann Elias Bach,116216026,,,1739-03-21,Zopff,,Wurzen,http://www.geonames.org/2805597,,,"Odrich, Evelin und Peter Wollny, Hrsg., 2005. Die Briefentwürfe des Johann Elias Bach. 2., erw. Auflage. Hildesheim, Olms. Leipziger Beiträge zur Bach-Forschung. 3. ISBN 3-487-12820-9",,D-LEb,,,42
,Johann Elias Bach,116216026,,,1739-03-28,Jacob Samuel Schröer,121201082,Wildenhain,http://www.geonames.org/2808946,,,"Odrich, Evelin und Peter Wollny, Hrsg., 2005. Die Briefentwürfe des Johann Elias Bach. 2., erw. Auflage. Hildesheim, Olms. Leipziger Beiträge zur Bach-Forschung. 3. ISBN 3-487-12820-9",,D-LEb,,,43
,Johann Elias Bach,116216026,,,1739-04-21,Marie Eleonore Höflich,,Schweinfurt,http://www.geonames.org/2834498,,,"Odrich, Evelin und Peter Wollny, Hrsg., 2005. Die Briefentwürfe des Johann Elias Bach. 2., erw. Auflage. Hildesheim, Olms. Leipziger Beiträge zur Bach-Forschung. 3. ISBN 3-487-12820-9",,D-LEb,,,45
,Johann Elias Bach,116216026,,,1739-06-01,Johann Englert,1014023939,Schweinfurt,http://www.geonames.org/2834498,,,"Odrich, Evelin und Peter Wollny, Hrsg., 2005. Die Briefentwürfe des Johann Elias Bach. 2., erw. Auflage. Hildesheim, Olms. Leipziger Beiträge zur Bach-Forschung. 3. ISBN 3-487-12820-9",,D-LEb,,,50
,Johann Elias Bach,116216026,,,1739-07-31,Höflich,,Schweinfurt,http://www.geonames.org/2834498,,,"Odrich, Evelin und Peter Wollny, Hrsg., 2005. Die Briefentwürfe des Johann Elias Bach. 2., erw. Auflage. Hildesheim, Olms. Leipziger Beiträge zur Bach-Forschung. 3. ISBN 3-487-12820-9",,D-LEb,,,267
,Johann Elias Bach,116216026,,,1739-08-11,Höflich,,Schweinfurt,http://www.geonames.org/2834498,,,"Odrich, Evelin und Peter Wollny, Hrsg., 2005. Die Briefentwürfe des Johann Elias Bach. 2., erw. Auflage. Hildesheim, Olms. Leipziger Beiträge zur Bach-Forschung. 3. ISBN 3-487-12820-9",,D-LEb,,,269
,Johann Elias Bach,116216026,,,1739-08-20,Jacob Samuel Schröer,121201082,Wildenhain,http://www.geonames.org/2808946,,,"Odrich, Evelin und Peter Wollny, Hrsg., 2005. Die Briefentwürfe des Johann Elias Bach. 2., erw. Auflage. Hildesheim, Olms. Leipziger Beiträge zur Bach-Forschung. 3. ISBN 3-487-12820-9",,D-LEb,,,270
,Johann Elias Bach,116216026,,,1739-09-11,Wolfgang Christoph Limpach,1147411379,Schweinfurt,http://www.geonames.org/2834498,,,"Odrich, Evelin und Peter Wollny, Hrsg., 2005. Die Briefentwürfe des Johann Elias Bach. 2., erw. Auflage. Hildesheim, Olms. Leipziger Beiträge zur Bach-Forschung. 3. ISBN 3-487-12820-9",,D-LEb,,,271-272
,Johann Elias Bach,116216026,,,1739-10-06,Johann Englert,1014023939,Schweinfurt,http://www.geonames.org/2834498,,,"Odrich, Evelin und Peter Wollny, Hrsg., 2005. Die Briefentwürfe des Johann Elias Bach. 2., erw. Auflage. Hildesheim, Olms. Leipziger Beiträge zur Bach-Forschung. 3. ISBN 3-487-12820-9",,D-LEb,,,275-277
,Johann Elias Bach,116216026,,,1739-10-06,Wolfgang Christoph Limpach,1147411379,Schweinfurt,http://www.geonames.org/2834498,,,"Odrich, Evelin und Peter Wollny, Hrsg., 2005. Die Briefentwürfe des Johann Elias Bach. 2., erw. Auflage. Hildesheim, Olms. Leipziger Beiträge zur Bach-Forschung. 3. ISBN 3-487-12820-9",,D-LEb,,,278
,Johann Elias Bach,116216026,,,1739-10-10,Jacob Samuel Schröer,121201082,Wildenhain,http://www.geonames.org/2808946,,,"Odrich, Evelin und Peter Wollny, Hrsg., 2005. Die Briefentwürfe des Johann Elias Bach. 2., erw. Auflage. Hildesheim, Olms. Leipziger Beiträge zur Bach-Forschung. 3. ISBN 3-487-12820-9",,D-LEb,,,285
,Johann Elias Bach,116216026,,,1739-10-17,Simon Friedrich von Meyern,,Halle,http://www.geonames.org/2911522,,,"Odrich, Evelin und Peter Wollny, Hrsg., 2005. Die Briefentwürfe des Johann Elias Bach. 2., erw. Auflage. Hildesheim, Olms. Leipziger Beiträge zur Bach-Forschung. 3. ISBN 3-487-12820-9",,D-LEb,,,285-286
,Johann Elias Bach,116216026,,,1739-11-02,Höflich,,Schweinfurt,http://www.geonames.org/2834498,,,"Odrich, Evelin und Peter Wollny, Hrsg., 2005. Die Briefentwürfe des Johann Elias Bach. 2., erw. Auflage. Hildesheim, Olms. Leipziger Beiträge zur Bach-Forschung. 3. ISBN 3-487-12820-9",,D-LEb,,,288
,Johann Elias Bach,116216026,,,1739-11-22,Johann Stängel,104223596,Roßleben,http://www.geonames.org/2844651,,,"Odrich, Evelin und Peter Wollny, Hrsg., 2005. Die Briefentwürfe des Johann Elias Bach. 2., erw. Auflage. Hildesheim, Olms. Leipziger Beiträge zur Bach-Forschung. 3. ISBN 3-487-12820-9",,D-LEb,,,249
,Johann Elias Bach,116216026,,,1740-03-01,Jacob Samuel Schröer,121201082,Wildenhain,http://www.geonames.org/2808946,,,"Odrich, Evelin und Peter Wollny, Hrsg., 2005. Die Briefentwürfe des Johann Elias Bach. 2., erw. Auflage. Hildesheim, Olms. Leipziger Beiträge zur Bach-Forschung. 3. ISBN 3-487-12820-9",,D-LEb,,,231-232
,Johann Elias Bach,116216026,,,1740-03-16,Höflich,,Schweinfurt,http://www.geonames.org/2834498,,,"Odrich, Evelin und Peter Wollny, Hrsg., 2005. Die Briefentwürfe des Johann Elias Bach. 2., erw. Auflage. Hildesheim, Olms. Leipziger Beiträge zur Bach-Forschung. 3. ISBN 3-487-12820-9",,D-LEb,,,293
,Johann Elias Bach,116216026,,,1740-04-29,Simon Friedrich von Meyern,,Halle,http://www.geonames.org/2911522,,,"Odrich, Evelin und Peter Wollny, Hrsg., 2005. Die Briefentwürfe des Johann Elias Bach. 2., erw. Auflage. Hildesheim, Olms. Leipziger Beiträge zur Bach-Forschung. 3. ISBN 3-487-12820-9",,D-LEb,,,294
,Johann Elias Bach,116216026,,,1740-05-09,Johann Gottfried von Meyern,100307671,Bayreuth,http://www.geonames.org/2951825,,,"Odrich, Evelin und Peter Wollny, Hrsg., 2005. Die Briefentwürfe des Johann Elias Bach. 2., erw. Auflage. Hildesheim, Olms. Leipziger Beiträge zur Bach-Forschung. 3. ISBN 3-487-12820-9",,D-LEb,,,299-300
,Johann Elias Bach,116216026,,,1740-05-09,Johann Michael Marold,1019381957,Schweinfurt,http://www.geonames.org/2834498,,,"Odrich, Evelin und Peter Wollny, Hrsg., 2005. Die Briefentwürfe des Johann Elias Bach. 2., erw. Auflage. Hildesheim, Olms. Leipziger Beiträge zur Bach-Forschung. 3. ISBN 3-487-12820-9",,D-LEb,,,300-301
,Johann Elias Bach,116216026,,,1740-05-09,Wolfgang Christoph Limpach,1147411379,Schweinfurt,http://www.geonames.org/2834498,,,"Odrich, Evelin und Peter Wollny, Hrsg., 2005. Die Briefentwürfe des Johann Elias Bach. 2., erw. Auflage. Hildesheim, Olms. Leipziger Beiträge zur Bach-Forschung. 3. ISBN 3-487-12820-9",,D-LEb,,,298
,Johann Elias Bach,116216026,,,1740-05-10,Friedrich Adam Segnitz,120257726,Schweinfurt,http://www.geonames.org/2834498,,,"Odrich, Evelin und Peter Wollny, Hrsg., 2005. Die Briefentwürfe des Johann Elias Bach. 2., erw. Auflage. Hildesheim, Olms. Leipziger Beiträge zur Bach-Forschung. 3. ISBN 3-487-12820-9",,D-LEb,,,302
,Johann Elias Bach,116216026,,,1740-05-29,Jacob Samuel Schröer,121201082,Wildenhain,http://www.geonames.org/2808946,,,"Odrich, Evelin und Peter Wollny, Hrsg., 2005. Die Briefentwürfe des Johann Elias Bach. 2., erw. Auflage. Hildesheim, Olms. Leipziger Beiträge zur Bach-Forschung. 3. ISBN 3-487-12820-9",,D-LEb,,,233-234
,Johann Elias Bach,116216026,,,1740-08-23,Johann Heinrich von Meyern,136779751,Schweinfurt,http://www.geonames.org/2834498,,,"Odrich, Evelin und Peter Wollny, Hrsg., 2005. Die Briefentwürfe des Johann Elias Bach. 2., erw. Auflage. Hildesheim, Olms. Leipziger Beiträge zur Bach-Forschung. 3. ISBN 3-487-12820-9",,D-LEb,,,307-308
,Johann Elias Bach,116216026,,,1740-08-26,Jacob Samuel Schröer,121201082,Wildenhain,http://www.geonames.org/2808946,,,"Odrich, Evelin und Peter Wollny, Hrsg., 2005. Die Briefentwürfe des Johann Elias Bach. 2., erw. Auflage. Hildesheim, Olms. Leipziger Beiträge zur Bach-Forschung. 3. ISBN 3-487-12820-9",,D-LEb,,,235
,Johann Elias Bach,116216026,,,1740-09-27,Jacob Samuel Schröer,121201082,Wildenhain,http://www.geonames.org/2808946,,,"Odrich, Evelin und Peter Wollny, Hrsg., 2005. Die Briefentwürfe des Johann Elias Bach. 2., erw. Auflage. Hildesheim, Olms. Leipziger Beiträge zur Bach-Forschung. 3. ISBN 3-487-12820-9",,D-LEb,,,235-238
,Johann Elias Bach,116216026,,,1740-10-04,Döring,,Collm,http://www.geonames.org/2939919,,,"Odrich, Evelin und Peter Wollny, Hrsg., 2005. Die Briefentwürfe des Johann Elias Bach. 2., erw. Auflage. Hildesheim, Olms. Leipziger Beiträge zur Bach-Forschung. 3. ISBN 3-487-12820-9",,D-LEb,,,312-313
,Johann Elias Bach,116216026,,,1740-10-04,Wolfgang Christoph Limpach,1147411379,Schwebheim,http://www.geonames.org/2834651,,,"Odrich, Evelin und Peter Wollny, Hrsg., 2005. Die Briefentwürfe des Johann Elias Bach. 2., erw. Auflage. Hildesheim, Olms. Leipziger Beiträge zur Bach-Forschung. 3. ISBN 3-487-12820-9",,D-LEb,,,313-314
,Johann Elias Bach,116216026,,,1740-11-29,Simon Friedrich von Meyern,,Halle,http://www.geonames.org/2911522,,,"Odrich, Evelin und Peter Wollny, Hrsg., 2005. Die Briefentwürfe des Johann Elias Bach. 2., erw. Auflage. Hildesheim, Olms. Leipziger Beiträge zur Bach-Forschung. 3. ISBN 3-487-12820-9",,D-LEb,,,318
,Johann Elias Bach,116216026,,,1741-01-02,Simon Friedrich von Meyern,,Halle,http://www.geonames.org/2911522,,,"Odrich, Evelin und Peter Wollny, Hrsg., 2005. Die Briefentwürfe des Johann Elias Bach. 2., erw. Auflage. Hildesheim, Olms. Leipziger Beiträge zur Bach-Forschung. 3. ISBN 3-487-12820-9",,D-LEb,,,318-319
,Johann Elias Bach,116216026,,,1741-01-03,Schaller,,,,,,"Odrich, Evelin und Peter Wollny, Hrsg., 2005. Die Briefentwürfe des Johann Elias Bach. 2., erw. Auflage. Hildesheim, Olms. Leipziger Beiträge zur Bach-Forschung. 3. ISBN 3-487-12820-9",,D-LEb,,,321
,Johann Elias Bach,116216026,,,1741-01-08,Jacob Samuel Schröer,121201082,Wildenhain,http://www.geonames.org/2808946,,,"Odrich, Evelin und Peter Wollny, Hrsg., 2005. Die Briefentwürfe des Johann Elias Bach. 2., erw. Auflage. Hildesheim, Olms. Leipziger Beiträge zur Bach-Forschung. 3. ISBN 3-487-12820-9",,D-LEb,,,238-240
,Johann Elias Bach,116216026,,,1741-01-16,Jacob Samuel Schröer,121201082,Wildenhain,http://www.geonames.org/2808946,,P. S. zum vorhergehenden Brief,"Odrich, Evelin und Peter Wollny, Hrsg., 2005. Die Briefentwürfe des Johann Elias Bach. 2., erw. Auflage. Hildesheim, Olms. Leipziger Beiträge zur Bach-Forschung. 3. ISBN 3-487-12820-9",,D-LEb,,,240-241
,Johann Elias Bach,116216026,,,1741-02-07,Jacob Samuel Schröer,121201082,Wildenhain,http://www.geonames.org/2808946,,,"Odrich, Evelin und Peter Wollny, Hrsg., 2005. Die Briefentwürfe des Johann Elias Bach. 2., erw. Auflage. Hildesheim, Olms. Leipziger Beiträge zur Bach-Forschung. 3. ISBN 3-487-12820-9",,D-LEb,,,326
,Johann Elias Bach,116216026,,,1741-02-16,Jacob Samuel Schröer,121201082,Wildenhain,http://www.geonames.org/2808946,,,"Odrich, Evelin und Peter Wollny, Hrsg., 2005. Die Briefentwürfe des Johann Elias Bach. 2., erw. Auflage. Hildesheim, Olms. Leipziger Beiträge zur Bach-Forschung. 3. ISBN 3-487-12820-9",,D-LEb,,,241-243
,Johann Elias Bach,116216026,,,1741-03-13,Jacob Samuel Schröer,121201082,Wildenhain,http://www.geonames.org/2808946,,,"Odrich, Evelin und Peter Wollny, Hrsg., 2005. Die Briefentwürfe des Johann Elias Bach. 2., erw. Auflage. Hildesheim, Olms. Leipziger Beiträge zur Bach-Forschung. 3. ISBN 3-487-12820-9",,D-LEb,,,244-245
,Johann Elias Bach,116216026,,,1741-04-15,J. W. Marold,,Wittenberg,http://www.geonames.org/6548975,,,"Odrich, Evelin und Peter Wollny, Hrsg., 2005. Die Briefentwürfe des Johann Elias Bach. 2., erw. Auflage. Hildesheim, Olms. Leipziger Beiträge zur Bach-Forschung. 3. ISBN 3-487-12820-9",,D-LEb,,,329
,Johann Elias Bach,116216026,,,1741-04-25,Johann Andreas Schüßler,,Schweinfurt,http://www.geonames.org/2834498,,,"Odrich, Evelin und Peter Wollny, Hrsg., 2005. Die Briefentwürfe des Johann Elias Bach. 2., erw. Auflage. Hildesheim, Olms. Leipziger Beiträge zur Bach-Forschung. 3. ISBN 3-487-12820-9",,D-LEb,,,332-333
,Johann Elias Bach,116216026,,,1741-04-26,Simon Friedrich von Meyern,,Halle,http://www.geonames.org/2911522,,,"Odrich, Evelin und Peter Wollny, Hrsg., 2005. Die Briefentwürfe des Johann Elias Bach. 2., erw. Auflage. Hildesheim, Olms. Leipziger Beiträge zur Bach-Forschung. 3. ISBN 3-487-12820-9",,D-LEb,,,334-335
,Johann Elias Bach,116216026,,,1741-04-29,J. W. Marold,,Wittenberg,http://www.geonames.org/6548975,,,"Odrich, Evelin und Peter Wollny, Hrsg., 2005. Die Briefentwürfe des Johann Elias Bach. 2., erw. Auflage. Hildesheim, Olms. Leipziger Beiträge zur Bach-Forschung. 3. ISBN 3-487-12820-9",,D-LEb,,,336
,Johann Elias Bach,116216026,,,1741-05-01,Jacob Samuel Schröer,121201082,Wildenhain,http://www.geonames.org/2808946,,,"Odrich, Evelin und Peter Wollny, Hrsg., 2005. Die Briefentwürfe des Johann Elias Bach. 2., erw. Auflage. Hildesheim, Olms. Leipziger Beiträge zur Bach-Forschung. 3. ISBN 3-487-12820-9",,D-LEb,,,246-248
,Johann Elias Bach,116216026,,,1741-06-26,Simon Friedrich von Meyern,,Halle,http://www.geonames.org/2911522,,,"Odrich, Evelin und Peter Wollny, Hrsg., 2005. Die Briefentwürfe des Johann Elias Bach. 2., erw. Auflage. Hildesheim, Olms. Leipziger Beiträge zur Bach-Forschung. 3. ISBN 3-487-12820-9",,D-LEb,,,256
,Johann Elias Bach,116216026,,,1741-07-07,Cleve,,Nürnberg,http://www.geonames.org/2861650,,,"Odrich, Evelin und Peter Wollny, Hrsg., 2005. Die Briefentwürfe des Johann Elias Bach. 2., erw. Auflage. Hildesheim, Olms. Leipziger Beiträge zur Bach-Forschung. 3. ISBN 3-487-12820-9",,D-LEb,,,344
,Johann Elias Bach,116216026,,,1741-07-12,Runge,,Wittenberg,http://www.geonames.org/6548975,,,"Odrich, Evelin und Peter Wollny, Hrsg., 2005. Die Briefentwürfe des Johann Elias Bach. 2., erw. Auflage. Hildesheim, Olms. Leipziger Beiträge zur Bach-Forschung. 3. ISBN 3-487-12820-9",,D-LEb,,,345
,Johann Elias Bach,116216026,,,1741-08-18,Krämerinnung Leipzig,,Leipzig,http://www.geonames.org/2879139,,(im Auftrag von D. M. Lange),"Odrich, Evelin und Peter Wollny, Hrsg., 2005. Die Briefentwürfe des Johann Elias Bach. 2., erw. Auflage. Hildesheim, Olms. Leipziger Beiträge zur Bach-Forschung. 3. ISBN 3-487-12820-9",,D-LEb,,,350/255
,Johann Elias Bach,116216026,,,1741-08-28,Johann Andreas Schüßler,,Schweinfurt,http://www.geonames.org/2834498,,,"Odrich, Evelin und Peter Wollny, Hrsg., 2005. Die Briefentwürfe des Johann Elias Bach. 2., erw. Auflage. Hildesheim, Olms. Leipziger Beiträge zur Bach-Forschung. 3. ISBN 3-487-12820-9",,D-LEb,,,357
,Johann Elias Bach,116216026,,,1741-09-13,J. W. Marold,,Jena,http://www.geonames.org/2895044,,,"Odrich, Evelin und Peter Wollny, Hrsg., 2005. Die Briefentwürfe des Johann Elias Bach. 2., erw. Auflage. Hildesheim, Olms. Leipziger Beiträge zur Bach-Forschung. 3. ISBN 3-487-12820-9",,D-LEb,,,358
,Johann Elias Bach,116216026,,,1741-09-29,Simon Friedrich von Meyern,,Halle,http://www.geonames.org/2911522,,(im Auftrag von Anna Magdalena Bach),"Odrich, Evelin und Peter Wollny, Hrsg., 2005. Die Briefentwürfe des Johann Elias Bach. 2., erw. Auflage. Hildesheim, Olms. Leipziger Beiträge zur Bach-Forschung. 3. ISBN 3-487-12820-9",,D-LEb,,,362-363
,Johann Elias Bach,116216026,,,1741-10-02,Johann Heinrich von Meyern,136779751,Schweinfurt,http://www.geonames.org/2834498,,,"Odrich, Evelin und Peter Wollny, Hrsg., 2005. Die Briefentwürfe des Johann Elias Bach. 2., erw. Auflage. Hildesheim, Olms. Leipziger Beiträge zur Bach-Forschung. 3. ISBN 3-487-12820-9",,D-LEb,,,361
,Johann Elias Bach,116216026,,,1741-10-02,Simon Friedrich von Meyern,,Halle,http://www.geonames.org/2911522,,,"Odrich, Evelin und Peter Wollny, Hrsg., 2005. Die Briefentwürfe des Johann Elias Bach. 2., erw. Auflage. Hildesheim, Olms. Leipziger Beiträge zur Bach-Forschung. 3. ISBN 3-487-12820-9",,D-LEb,,,363-364
,Johann Elias Bach,116216026,,,1741-10-03,Georg Christoph Segnitz,122416198,Schweinfurt,http://www.geonames.org/2834498,,,"Odrich, Evelin und Peter Wollny, Hrsg., 2005. Die Briefentwürfe des Johann Elias Bach. 2., erw. Auflage. Hildesheim, Olms. Leipziger Beiträge zur Bach-Forschung. 3. ISBN 3-487-12820-9",,D-LEb,,,365
,Johann Elias Bach,116216026,,,1741-10-03,J. G. Gampert,,Schweinfurt,http://www.geonames.org/2834498,,,"Odrich, Evelin und Peter Wollny, Hrsg., 2005. Die Briefentwürfe des Johann Elias Bach. 2., erw. Auflage. Hildesheim, Olms. Leipziger Beiträge zur Bach-Forschung. 3. ISBN 3-487-12820-9",,D-LEb,,,366
,Johann Elias Bach,116216026,,,1741-10-13,Simon Friedrich von Meyern,,Halle,http://www.geonames.org/2911522,,,"Odrich, Evelin und Peter Wollny, Hrsg., 2005. Die Briefentwürfe des Johann Elias Bach. 2., erw. Auflage. Hildesheim, Olms. Leipziger Beiträge zur Bach-Forschung. 3. ISBN 3-487-12820-9",,D-LEb,,,372-373
,Johann Elias Bach,116216026,,,1741-10-13,Wack,,Halle,http://www.geonames.org/2911522,,,"Odrich, Evelin und Peter Wollny, Hrsg., 2005. Die Briefentwürfe des Johann Elias Bach. 2., erw. Auflage. Hildesheim, Olms. Leipziger Beiträge zur Bach-Forschung. 3. ISBN 3-487-12820-9",,D-LEb,,,371-372
,Johann Elias Bach,116216026,,,1741-10-14,F. Werner,,Wittenberg,http://www.geonames.org/6548975,,,"Odrich, Evelin und Peter Wollny, Hrsg., 2005. Die Briefentwürfe des Johann Elias Bach. 2., erw. Auflage. Hildesheim, Olms. Leipziger Beiträge zur Bach-Forschung. 3. ISBN 3-487-12820-9",,D-LEb,,,373-374
,Johann Elias Bach,116216026,,,1741-10-24,J. W. Marold,,Jena,http://www.geonames.org/2895044,,,"Odrich, Evelin und Peter Wollny, Hrsg., 2005. Die Briefentwürfe des Johann Elias Bach. 2., erw. Auflage. Hildesheim, Olms. Leipziger Beiträge zur Bach-Forschung. 3. ISBN 3-487-12820-9",,D-LEb,,,375-376
,Johann Elias Bach,116216026,,,1741-12-23,Gottlob Persigk,1018996605,Dresden,http://www.geonames.org/2935022,,,"Odrich, Evelin und Peter Wollny, Hrsg., 2005. Die Briefentwürfe des Johann Elias Bach. 2., erw. Auflage. Hildesheim, Olms. Leipziger Beiträge zur Bach-Forschung. 3. ISBN 3-487-12820-9",,D-LEb,,,261-262
,Johann Elias Bach,116216026,,,1742-01-02,Gottlob Persigk,1018996605,Dresden,http://www.geonames.org/2935022,,,"Odrich, Evelin und Peter Wollny, Hrsg., 2005. Die Briefentwürfe des Johann Elias Bach. 2., erw. Auflage. Hildesheim, Olms. Leipziger Beiträge zur Bach-Forschung. 3. ISBN 3-487-12820-9",,D-LEb,,,257-260
,Johann Elias Bach,116216026,,,1742-01-05,Jacob Samuel Schröer,121201082,Wildenhain,http://www.geonames.org/2808946,,,"Odrich, Evelin und Peter Wollny, Hrsg., 2005. Die Briefentwürfe des Johann Elias Bach. 2., erw. Auflage. Hildesheim, Olms. Leipziger Beiträge zur Bach-Forschung. 3. ISBN 3-487-12820-9",,D-LEb,,,229-230
,Johann Elias Bach,116216026,,,1742-02-08,Friedrich Adam Segnitz,120257726,Schweinfurt,http://www.geonames.org/2834498,,,"Odrich, Evelin und Peter Wollny, Hrsg., 2005. Die Briefentwürfe des Johann Elias Bach. 2., erw. Auflage. Hildesheim, Olms. Leipziger Beiträge zur Bach-Forschung. 3. ISBN 3-487-12820-9",,D-LEb,,,132-135
,Johann Elias Bach,116216026,,,1742-02-22,Johann Jacob Stößel,,Schweinfurt,http://www.geonames.org/2834498,,,"Odrich, Evelin und Peter Wollny, Hrsg., 2005. Die Briefentwürfe des Johann Elias Bach. 2., erw. Auflage. Hildesheim, Olms. Leipziger Beiträge zur Bach-Forschung. 3. ISBN 3-487-12820-9",,D-LEb,,,144
,Johann Elias Bach,116216026,,,1742-03-16,Friedrich Adam Segnitz,120257726,Schweinfurt,http://www.geonames.org/2834498,,,"Odrich, Evelin und Peter Wollny, Hrsg., 2005. Die Briefentwürfe des Johann Elias Bach. 2., erw. Auflage. Hildesheim, Olms. Leipziger Beiträge zur Bach-Forschung. 3. ISBN 3-487-12820-9",,D-LEb,,,149-150
,Johann Elias Bach,116216026,,,1742-03-16,Simon Friedrich von Meyern,,Schweinfurt,http://www.geonames.org/2834498,,,"Odrich, Evelin und Peter Wollny, Hrsg., 2005. Die Briefentwürfe des Johann Elias Bach. 2., erw. Auflage. Hildesheim, Olms. Leipziger Beiträge zur Bach-Forschung. 3. ISBN 3-487-12820-9",,D-LEb,,,146-147
,Johann Elias Bach,116216026,,,1742-03-24,Daniel Gottfried Schreber,118795430,Weißensee,http://www.geonames.org/2811860,,,"Odrich, Evelin und Peter Wollny, Hrsg., 2005. Die Briefentwürfe des Johann Elias Bach. 2., erw. Auflage. Hildesheim, Olms. Leipziger Beiträge zur Bach-Forschung. 3. ISBN 3-487-12820-9",,D-LEb,,,154-155
,Johann Elias Bach,116216026,,,1742-03-24,Gottlieb Salomon Schreber,120735466,Tennstedt,http://www.geonames.org/2953325,,,"Odrich, Evelin und Peter Wollny, Hrsg., 2005. Die Briefentwürfe des Johann Elias Bach. 2., erw. Auflage. Hildesheim, Olms. Leipziger Beiträge zur Bach-Forschung. 3. ISBN 3-487-12820-9",,D-LEb,,,153-154
,Johann Elias Bach,116216026,,,1742-03-24,Jacob Samuel Schröer,121201082,Wildenhain,http://www.geonames.org/2808946,,,"Odrich, Evelin und Peter Wollny, Hrsg., 2005. Die Briefentwürfe des Johann Elias Bach. 2., erw. Auflage. Hildesheim, Olms. Leipziger Beiträge zur Bach-Forschung. 3. ISBN 3-487-12820-9",,D-LEb,,,152-153
,Johann Elias Bach,116216026,,,1742-04-07,Jacob Samuel Schröer,121201082,Wildenhain,http://www.geonames.org/2808946,,,"Odrich, Evelin und Peter Wollny, Hrsg., 2005. Die Briefentwürfe des Johann Elias Bach. 2., erw. Auflage. Hildesheim, Olms. Leipziger Beiträge zur Bach-Forschung. 3. ISBN 3-487-12820-9",,D-LEb,,,155-156
,Johann Elias Bach,116216026,,,1742-04-18,Gottlob Persigk,1018996605,Dresden,http://www.geonames.org/2935022,,,"Odrich, Evelin und Peter Wollny, Hrsg., 2005. Die Briefentwürfe des Johann Elias Bach. 2., erw. Auflage. Hildesheim, Olms. Leipziger Beiträge zur Bach-Forschung. 3. ISBN 3-487-12820-9",,D-LEb,,,164-165
,Johann Elias Bach,116216026,,,1742-04-18,Johann Stängel,104223596,Roßleben,http://www.geonames.org/2844651,,,"Odrich, Evelin und Peter Wollny, Hrsg., 2005. Die Briefentwürfe des Johann Elias Bach. 2., erw. Auflage. Hildesheim, Olms. Leipziger Beiträge zur Bach-Forschung. 3. ISBN 3-487-12820-9",,D-LEb,,,165
,Johann Elias Bach,116216026,,,1742-04-18,Wolfgang Christoph Limpach,1147411379,Schwebheim,http://www.geonames.org/2834651,,,"Odrich, Evelin und Peter Wollny, Hrsg., 2005. Die Briefentwürfe des Johann Elias Bach. 2., erw. Auflage. Hildesheim, Olms. Leipziger Beiträge zur Bach-Forschung. 3. ISBN 3-487-12820-9",,D-LEb,,,156-157
,Johann Elias Bach,116216026,,,1742-04-24,Gottlieb Salomon Schreber,120735466,Tennstedt,http://www.geonames.org/2953325,,,"Odrich, Evelin und Peter Wollny, Hrsg., 2005. Die Briefentwürfe des Johann Elias Bach. 2., erw. Auflage. Hildesheim, Olms. Leipziger Beiträge zur Bach-Forschung. 3. ISBN 3-487-12820-9",,D-LEb,,,170-172
,Johann Elias Bach,116216026,,,1742-05-09,Koch,,Wurzen,http://www.geonames.org/2805597,,,"Odrich, Evelin und Peter Wollny, Hrsg., 2005. Die Briefentwürfe des Johann Elias Bach. 2., erw. Auflage. Hildesheim, Olms. Leipziger Beiträge zur Bach-Forschung. 3. ISBN 3-487-12820-9",,D-LEb,,,174
,Johann Elias Bach,116216026,,,1742-05-13,Gottlob Persigk,1018996605,Dresden,http://www.geonames.org/2935022,,,"Odrich, Evelin und Peter Wollny, Hrsg., 2005. Die Briefentwürfe des Johann Elias Bach. 2., erw. Auflage. Hildesheim, Olms. Leipziger Beiträge zur Bach-Forschung. 3. ISBN 3-487-12820-9",,D-LEb,,,176179
,Johann Elias Bach,116216026,,,1742-05-30,Höflich,,Schweinfurt,http://www.geonames.org/2834498,,,"Odrich, Evelin und Peter Wollny, Hrsg., 2005. Die Briefentwürfe des Johann Elias Bach. 2., erw. Auflage. Hildesheim, Olms. Leipziger Beiträge zur Bach-Forschung. 3. ISBN 3-487-12820-9",,D-LEb,,,180-181
,Johann Elias Bach,116216026,,,1742-06-03,Gottlieb Salomon Schreber,120735466,Tennstedt,http://www.geonames.org/2953325,,,"Odrich, Evelin und Peter Wollny, Hrsg., 2005. Die Briefentwürfe des Johann Elias Bach. 2., erw. Auflage. Hildesheim, Olms. Leipziger Beiträge zur Bach-Forschung. 3. ISBN 3-487-12820-9",,D-LEb,,,181-183
,Johann Elias Bach,116216026,,,1742-06-05,Daniel Gottfried Schreber,118795430,Weißensee,http://www.geonames.org/2811860,,,"Odrich, Evelin und Peter Wollny, Hrsg., 2005. Die Briefentwürfe des Johann Elias Bach. 2., erw. Auflage. Hildesheim, Olms. Leipziger Beiträge zur Bach-Forschung. 3. ISBN 3-487-12820-9",,D-LEb,,,185-186
,Johann Elias Bach,116216026,,,1742-06-05,Johann Stängel,104223596,Roßleben,http://www.geonames.org/2844651,,,"Odrich, Evelin und Peter Wollny, Hrsg., 2005. Die Briefentwürfe des Johann Elias Bach. 2., erw. Auflage. Hildesheim, Olms. Leipziger Beiträge zur Bach-Forschung. 3. ISBN 3-487-12820-9",,D-LEb,,,183-185
,Johann Elias Bach,116216026,,,1742-07-14,Jacob Samuel Schröer,121201082,Wildenhain,http://www.geonames.org/2808946,,,"Odrich, Evelin und Peter Wollny, Hrsg., 2005. Die Briefentwürfe des Johann Elias Bach. 2., erw. Auflage. Hildesheim, Olms. Leipziger Beiträge zur Bach-Forschung. 3. ISBN 3-487-12820-9",,D-LEb,,,190/73
,Johann Elias Bach,116216026,,,1742-07-23,Daniel Gottfried Schreber,118795430,Weißensee,http://www.geonames.org/2811860,,,"Odrich, Evelin und Peter Wollny, Hrsg., 2005. Die Briefentwürfe des Johann Elias Bach. 2., erw. Auflage. Hildesheim, Olms. Leipziger Beiträge zur Bach-Forschung. 3. ISBN 3-487-12820-9",,D-LEb,,,73
,Johann Elias Bach,116216026,,,1742-08-18,Gottlob Persigk,1018996605,Doberlug-Kirchhain,http://www.geonames.org/2936631,,,"Odrich, Evelin und Peter Wollny, Hrsg., 2005. Die Briefentwürfe des Johann Elias Bach. 2., erw. Auflage. Hildesheim, Olms. Leipziger Beiträge zur Bach-Forschung. 3. ISBN 3-487-12820-9",,D-LEb,,,74-75
,Johann Elias Bach,116216026,,,1742-09-22,Daniel Gottfried Schreber,118795430,Weißensee,http://www.geonames.org/2811860,,,"Odrich, Evelin und Peter Wollny, Hrsg., 2005. Die Briefentwürfe des Johann Elias Bach. 2., erw. Auflage. Hildesheim, Olms. Leipziger Beiträge zur Bach-Forschung. 3. ISBN 3-487-12820-9",,D-LEb,,,84-85
,Johann Elias Bach,116216026,,,1742-10-01,Johann Andreas Schüßler,,Schweinfurt,http://www.geonames.org/2834498,,,"Odrich, Evelin und Peter Wollny, Hrsg., 2005. Die Briefentwürfe des Johann Elias Bach. 2., erw. Auflage. Hildesheim, Olms. Leipziger Beiträge zur Bach-Forschung. 3. ISBN 3-487-12820-9",,D-LEb,,,85-86
,Johann Elias Bach,116216026,,,1742-10-06,Frau von Spielhausen,,Drebach,http://www.geonames.org/2935303,,(im Auftrag von M. E. Hesemann),"Odrich, Evelin und Peter Wollny, Hrsg., 2005. Die Briefentwürfe des Johann Elias Bach. 2., erw. Auflage. Hildesheim, Olms. Leipziger Beiträge zur Bach-Forschung. 3. ISBN 3-487-12820-9",,D-LEb,,,95-97
,Johann Elias Bach,116216026,,,1741-09-13?,Johann Leberecht Schneider,,Weißenfels,http://www.geonames.org/2811899,,(im Auftrag von A. M. Bach),"Odrich, Evelin und Peter Wollny, Hrsg., 2005. Die Briefentwürfe des Johann Elias Bach. 2., erw. Auflage. Hildesheim, Olms. Leipziger Beiträge zur Bach-Forschung. 3. ISBN 3-487-12820-9",,D-LEb,,,359-360
,Johann Elias Bach,116216026,,,1742-01-05?,[Gottlob Persigk],1018996605,[Dresden],http://www.geonames.org/2935022,,,"Odrich, Evelin und Peter Wollny, Hrsg., 2005. Die Briefentwürfe des Johann Elias Bach. 2., erw. Auflage. Hildesheim, Olms. Leipziger Beiträge zur Bach-Forschung. 3. ISBN 3-487-12820-9",,D-LEb,,,223-224
,Johann Elias Bach,116216026,,,1738-04?,Johann Englert,1014023939,Schweinfurt,http://www.geonames.org/2834498,,,"Odrich, Evelin und Peter Wollny, Hrsg., 2005. Die Briefentwürfe des Johann Elias Bach. 2., erw. Auflage. Hildesheim, Olms. Leipziger Beiträge zur Bach-Forschung. 3. ISBN 3-487-12820-9",,D-LEb,,,58-59
,Johann Elias Bach,116216026,,,1741-07?,Johann Leberecht Schneider,,Weißenfels,http://www.geonames.org/2811899,,,"Odrich, Evelin und Peter Wollny, Hrsg., 2005. Die Briefentwürfe des Johann Elias Bach. 2., erw. Auflage. Hildesheim, Olms. Leipziger Beiträge zur Bach-Forschung. 3. ISBN 3-487-12820-9",,D-LEb,,,347
,Johann Elias Bach,116216026,,,1742-09?,Daniel Gottfried Schreber,118795430,Weißensee,http://www.geonames.org/2811860,,,"Odrich, Evelin und Peter Wollny, Hrsg., 2005. Die Briefentwürfe des Johann Elias Bach. 2., erw. Auflage. Hildesheim, Olms. Leipziger Beiträge zur Bach-Forschung. 3. ISBN 3-487-12820-9",,D-LEb,,,81-82
,Johann Elias Bach,116216026,,,1742-09?,Gottlieb Salomon Schreber,120735466,Tennstedt,http://www.geonames.org/2953325,,,"Odrich, Evelin und Peter Wollny, Hrsg., 2005. Die Briefentwürfe des Johann Elias Bach. 2., erw. Auflage. Hildesheim, Olms. Leipziger Beiträge zur Bach-Forschung. 3. ISBN 3-487-12820-9",,D-LEb,,,83-84
,Johann Elias Bach,116216026,,,1744?,Georg Matthias Bose,117621757,,,,,"Odrich, Evelin und Peter Wollny, Hrsg., 2005. Die Briefentwürfe des Johann Elias Bach. 2., erw. Auflage. Hildesheim, Olms. Leipziger Beiträge zur Bach-Forschung. 3. ISBN 3-487-12820-9",,D-LEb,,,222
